{
    "counter": {
        "ACTIVE": 2193,
        "INACTIVE": 13,
        "INVALID": 0,
        "MALICIOUS": 0,
        "SANE": 0,
        "VALID": 0,
        "total": 2206
    },
    "percentage": {
        "ACTIVE": 99.41069809610154,
        "INACTIVE": 0.9365994236311239,
        "INVALID": 0,
        "MALICIOUS": 0,
        "SANE": 0,
        "VALID": 0,
        "total": 100.34729751973266
    }
}