{
    "counter": {
        "ACTIVE": 1978,
        "INACTIVE": 8,
        "INVALID": 0,
        "MALICIOUS": 0,
        "SANE": 0,
        "VALID": 0,
        "total": 1986
    },
    "percentage": {
        "ACTIVE": 99.59718026183283,
        "INACTIVE": 0.5471956224350205,
        "INVALID": 0,
        "MALICIOUS": 0,
        "SANE": 0,
        "VALID": 0,
        "total": 100.14437588426786
    }
}