{
    "counter": {
        "ACTIVE": 1168,
        "INACTIVE": 4,
        "INVALID": 0,
        "MALICIOUS": 0,
        "SANE": 0,
        "VALID": 0,
        "total": 1172
    },
    "percentage": {
        "ACTIVE": 99.65870307167235,
        "INACTIVE": 0.6299212598425197,
        "INVALID": 0,
        "MALICIOUS": 0,
        "SANE": 0,
        "VALID": 0,
        "total": 100.28862433151487
    }
}