{
    "counter": {
        "ACTIVE": 3532,
        "INACTIVE": 18,
        "INVALID": 0,
        "MALICIOUS": 0,
        "SANE": 0,
        "VALID": 0,
        "total": 3550
    },
    "percentage": {
        "ACTIVE": 99.49295774647888,
        "INACTIVE": 0.5227998838222481,
        "INVALID": 0,
        "MALICIOUS": 0,
        "SANE": 0,
        "VALID": 0,
        "total": 100.01575763030112
    }
}