{
    "counter": {
        "ACTIVE": 3082,
        "INACTIVE": 15,
        "INVALID": 0,
        "MALICIOUS": 0,
        "SANE": 0,
        "VALID": 0,
        "total": 3097
    },
    "percentage": {
        "ACTIVE": 99.51566031643526,
        "INACTIVE": 0.573394495412844,
        "INVALID": 0,
        "MALICIOUS": 0,
        "SANE": 0,
        "VALID": 0,
        "total": 100.0890548118481
    }
}