{
    "counter": {
        "ACTIVE": 3641,
        "INACTIVE": 9,
        "INVALID": 0,
        "MALICIOUS": 0,
        "SANE": 0,
        "VALID": 0,
        "total": 3650
    },
    "percentage": {
        "ACTIVE": 99.75342465753425,
        "INACTIVE": 0.2859866539561487,
        "INVALID": 0,
        "MALICIOUS": 0,
        "SANE": 0,
        "VALID": 0,
        "total": 100.0394113114904
    }
}