{
    "counter": {
        "ACTIVE": 3129,
        "INACTIVE": 2,
        "INVALID": 0,
        "MALICIOUS": 0,
        "SANE": 0,
        "VALID": 0,
        "total": 3131
    },
    "percentage": {
        "ACTIVE": 99.93612264452251,
        "INACTIVE": 0.44052863436123346,
        "INVALID": 0,
        "MALICIOUS": 0,
        "SANE": 0,
        "VALID": 0,
        "total": 100.37665127888374
    }
}