{
    "counter": {
        "ACTIVE": 2730,
        "INACTIVE": 13,
        "INVALID": 0,
        "MALICIOUS": 0,
        "SANE": 0,
        "VALID": 0,
        "total": 2743
    },
    "percentage": {
        "ACTIVE": 99.5260663507109,
        "INACTIVE": 0.47776552737963984,
        "INVALID": 0,
        "MALICIOUS": 0,
        "SANE": 0,
        "VALID": 0,
        "total": 100.00383187809055
    }
}