{
    "counter": {
        "ACTIVE": 519,
        "INACTIVE": 5,
        "INVALID": 0,
        "MALICIOUS": 0,
        "SANE": 0,
        "VALID": 0,
        "total": 524
    },
    "percentage": {
        "ACTIVE": 99.04580152671755,
        "INACTIVE": 0.9881422924901185,
        "INVALID": 0,
        "MALICIOUS": 0,
        "SANE": 0,
        "VALID": 0,
        "total": 100.03394381920768
    }
}