{
    "counter": {
        "ACTIVE": 510,
        "INACTIVE": 3,
        "INVALID": 0,
        "MALICIOUS": 0,
        "SANE": 0,
        "VALID": 0,
        "total": 513
    },
    "percentage": {
        "ACTIVE": 99.41520467836257,
        "INACTIVE": 0.5882352941176471,
        "INVALID": 0,
        "MALICIOUS": 0,
        "SANE": 0,
        "VALID": 0,
        "total": 100.00343997248022
    }
}