{
    "counter": {
        "ACTIVE": 3548,
        "INACTIVE": 7,
        "INVALID": 0,
        "MALICIOUS": 0,
        "SANE": 0,
        "VALID": 0,
        "total": 3555
    },
    "percentage": {
        "ACTIVE": 99.80309423347398,
        "INACTIVE": 0.2885408079142622,
        "INVALID": 0,
        "MALICIOUS": 0,
        "SANE": 0,
        "VALID": 0,
        "total": 100.09163504138824
    }
}