{
    "counter": {
        "ACTIVE": 3414,
        "INACTIVE": 11,
        "INVALID": 0,
        "MALICIOUS": 0,
        "SANE": 0,
        "VALID": 0,
        "total": 3425
    },
    "percentage": {
        "ACTIVE": 99.67883211678833,
        "INACTIVE": 0.32286469034341064,
        "INVALID": 0,
        "MALICIOUS": 0,
        "SANE": 0,
        "VALID": 0,
        "total": 100.00169680713174
    }
}