{
    "counter": {
        "ACTIVE": 3582,
        "INACTIVE": 11,
        "INVALID": 0,
        "MALICIOUS": 0,
        "SANE": 0,
        "VALID": 0,
        "total": 3593
    },
    "percentage": {
        "ACTIVE": 99.6938491511272,
        "INACTIVE": 0.3966822935448972,
        "INVALID": 0,
        "MALICIOUS": 0,
        "SANE": 0,
        "VALID": 0,
        "total": 100.0905314446721
    }
}