{
    "counter": {
        "ACTIVE": 3377,
        "INACTIVE": 17,
        "INVALID": 0,
        "MALICIOUS": 0,
        "SANE": 0,
        "VALID": 0,
        "total": 3394
    },
    "percentage": {
        "ACTIVE": 99.49911608721273,
        "INACTIVE": 0.648854961832061,
        "INVALID": 0,
        "MALICIOUS": 0,
        "SANE": 0,
        "VALID": 0,
        "total": 100.14797104904478
    }
}