{
    "counter": {
        "ACTIVE": 3325,
        "INACTIVE": 13,
        "INVALID": 0,
        "MALICIOUS": 0,
        "SANE": 0,
        "VALID": 0,
        "total": 3338
    },
    "percentage": {
        "ACTIVE": 99.61054523666867,
        "INACTIVE": 0.5013497878904744,
        "INVALID": 0,
        "MALICIOUS": 0,
        "SANE": 0,
        "VALID": 0,
        "total": 100.11189502455915
    }
}