{
    "counter": {
        "ACTIVE": 2798,
        "INACTIVE": 13,
        "INVALID": 0,
        "MALICIOUS": 0,
        "SANE": 0,
        "VALID": 0,
        "total": 2811
    },
    "percentage": {
        "ACTIVE": 99.53753112771255,
        "INACTIVE": 0.5457598656591099,
        "INVALID": 0,
        "MALICIOUS": 0,
        "SANE": 0,
        "VALID": 0,
        "total": 100.08329099337166
    }
}