{
    "counter": {
        "ACTIVE": 2404,
        "INACTIVE": 11,
        "INVALID": 0,
        "MALICIOUS": 0,
        "SANE": 0,
        "VALID": 0,
        "total": 2415
    },
    "percentage": {
        "ACTIVE": 99.54451345755693,
        "INACTIVE": 0.4939380332285586,
        "INVALID": 0,
        "MALICIOUS": 0,
        "SANE": 0,
        "VALID": 0,
        "total": 100.03845149078549
    }
}