{
    "counter": {
        "ACTIVE": 1181,
        "INACTIVE": 6,
        "INVALID": 0,
        "MALICIOUS": 0,
        "SANE": 0,
        "VALID": 0,
        "total": 1187
    },
    "percentage": {
        "ACTIVE": 99.49452401010952,
        "INACTIVE": 0.5253940455341506,
        "INVALID": 0,
        "MALICIOUS": 0,
        "SANE": 0,
        "VALID": 0,
        "total": 100.01991805564367
    }
}