{
    "counter": {
        "ACTIVE": 2534,
        "INACTIVE": 11,
        "INVALID": 0,
        "MALICIOUS": 0,
        "SANE": 0,
        "VALID": 0,
        "total": 2545
    },
    "percentage": {
        "ACTIVE": 99.56777996070727,
        "INACTIVE": 0.4684838160136286,
        "INVALID": 0,
        "MALICIOUS": 0,
        "SANE": 0,
        "VALID": 0,
        "total": 100.0362637767209
    }
}