{
    "counter": {
        "ACTIVE": 2720,
        "INACTIVE": 17,
        "INVALID": 0,
        "MALICIOUS": 0,
        "SANE": 0,
        "VALID": 0,
        "total": 2737
    },
    "percentage": {
        "ACTIVE": 99.37888198757764,
        "INACTIVE": 0.6220270764727406,
        "INVALID": 0,
        "MALICIOUS": 0,
        "SANE": 0,
        "VALID": 0,
        "total": 100.00090906405039
    }
}