{
    "counter": {
        "ACTIVE": 2276,
        "INACTIVE": 2,
        "INVALID": 0,
        "MALICIOUS": 0,
        "SANE": 0,
        "VALID": 0,
        "total": 2278
    },
    "percentage": {
        "ACTIVE": 99.91220368744513,
        "INACTIVE": 0.13236267372600927,
        "INVALID": 0,
        "MALICIOUS": 0,
        "SANE": 0,
        "VALID": 0,
        "total": 100.04456636117114
    }
}