{
    "counter": {
        "ACTIVE": 1529,
        "INACTIVE": 8,
        "INVALID": 0,
        "MALICIOUS": 0,
        "SANE": 0,
        "VALID": 0,
        "total": 1537
    },
    "percentage": {
        "ACTIVE": 99.47950553025375,
        "INACTIVE": 0.7469654528478058,
        "INVALID": 0,
        "MALICIOUS": 0,
        "SANE": 0,
        "VALID": 0,
        "total": 100.22647098310155
    }
}