{
    "counter": {
        "ACTIVE": 2087,
        "INACTIVE": 13,
        "INVALID": 0,
        "MALICIOUS": 0,
        "SANE": 0,
        "VALID": 0,
        "total": 2100
    },
    "percentage": {
        "ACTIVE": 99.38095238095238,
        "INACTIVE": 0.6572295247724975,
        "INVALID": 0,
        "MALICIOUS": 0,
        "SANE": 0,
        "VALID": 0,
        "total": 100.03818190572488
    }
}