{
    "counter": {
        "ACTIVE": 1052,
        "INACTIVE": 12,
        "INVALID": 0,
        "MALICIOUS": 0,
        "SANE": 0,
        "VALID": 0,
        "total": 1064
    },
    "percentage": {
        "ACTIVE": 98.87218045112782,
        "INACTIVE": 1.3392857142857142,
        "INVALID": 0,
        "MALICIOUS": 0,
        "SANE": 0,
        "VALID": 0,
        "total": 100.21146616541353
    }
}