{
    "counter": {
        "ACTIVE": 1629,
        "INACTIVE": 12,
        "INVALID": 0,
        "MALICIOUS": 0,
        "SANE": 0,
        "VALID": 0,
        "total": 1641
    },
    "percentage": {
        "ACTIVE": 99.26873857404021,
        "INACTIVE": 0.8823529411764706,
        "INVALID": 0,
        "MALICIOUS": 0,
        "SANE": 0,
        "VALID": 0,
        "total": 100.15109151521668
    }
}