{
    "counter": {
        "ACTIVE": 814,
        "INACTIVE": 3,
        "INVALID": 0,
        "MALICIOUS": 0,
        "SANE": 0,
        "VALID": 0,
        "total": 817
    },
    "percentage": {
        "ACTIVE": 99.6328029375765,
        "INACTIVE": 0.4431314623338257,
        "INVALID": 0,
        "MALICIOUS": 0,
        "SANE": 0,
        "VALID": 0,
        "total": 100.07593439991032
    }
}