{
    "counter": {
        "ACTIVE": 2063,
        "INACTIVE": 10,
        "INVALID": 0,
        "MALICIOUS": 0,
        "SANE": 0,
        "VALID": 0,
        "total": 2073
    },
    "percentage": {
        "ACTIVE": 99.51760733236854,
        "INACTIVE": 0.6830601092896175,
        "INVALID": 0,
        "MALICIOUS": 0,
        "SANE": 0,
        "VALID": 0,
        "total": 100.20066744165815
    }
}