{
    "counter": {
        "ACTIVE": 903,
        "INACTIVE": 8,
        "INVALID": 0,
        "MALICIOUS": 0,
        "SANE": 0,
        "VALID": 0,
        "total": 911
    },
    "percentage": {
        "ACTIVE": 99.12184412733261,
        "INACTIVE": 1.0126582278481013,
        "INVALID": 0,
        "MALICIOUS": 0,
        "SANE": 0,
        "VALID": 0,
        "total": 100.13450235518071
    }
}