{
    "counter": {
        "ACTIVE": 2949,
        "INACTIVE": 8,
        "INVALID": 0,
        "MALICIOUS": 0,
        "SANE": 0,
        "VALID": 0,
        "total": 2957
    },
    "percentage": {
        "ACTIVE": 99.72945552925262,
        "INACTIVE": 0.4186289900575615,
        "INVALID": 0,
        "MALICIOUS": 0,
        "SANE": 0,
        "VALID": 0,
        "total": 100.14808451931017
    }
}