{
    "counter": {
        "ACTIVE": 3602,
        "INACTIVE": 6,
        "INVALID": 0,
        "MALICIOUS": 0,
        "SANE": 0,
        "VALID": 0,
        "total": 3608
    },
    "percentage": {
        "ACTIVE": 99.83370288248337,
        "INACTIVE": 0.17226528854435832,
        "INVALID": 0,
        "MALICIOUS": 0,
        "SANE": 0,
        "VALID": 0,
        "total": 100.00596817102772
    }
}