{
    "counter": {
        "ACTIVE": 3643,
        "INACTIVE": 1,
        "INVALID": 0,
        "MALICIOUS": 0,
        "SANE": 0,
        "VALID": 0,
        "total": 3644
    },
    "percentage": {
        "ACTIVE": 99.97255762897915,
        "INACTIVE": 0.04405286343612335,
        "INVALID": 0,
        "MALICIOUS": 0,
        "SANE": 0,
        "VALID": 0,
        "total": 100.01661049241527
    }
}