{
    "counter": {
        "ACTIVE": 1161,
        "INACTIVE": 5,
        "INVALID": 0,
        "MALICIOUS": 0,
        "SANE": 0,
        "VALID": 0,
        "total": 1166
    },
    "percentage": {
        "ACTIVE": 99.57118353344768,
        "INACTIVE": 0.7473841554559043,
        "INVALID": 0,
        "MALICIOUS": 0,
        "SANE": 0,
        "VALID": 0,
        "total": 100.31856768890358
    }
}