{
    "counter": {
        "ACTIVE": 582,
        "INACTIVE": 5,
        "INVALID": 0,
        "MALICIOUS": 0,
        "SANE": 0,
        "VALID": 0,
        "total": 587
    },
    "percentage": {
        "ACTIVE": 99.14821124361158,
        "INACTIVE": 0.8802816901408451,
        "INVALID": 0,
        "MALICIOUS": 0,
        "SANE": 0,
        "VALID": 0,
        "total": 100.02849293375243
    }
}