{
    "counter": {
        "ACTIVE": 1988,
        "INACTIVE": 10,
        "INVALID": 0,
        "MALICIOUS": 0,
        "SANE": 0,
        "VALID": 0,
        "total": 1998
    },
    "percentage": {
        "ACTIVE": 99.49949949949949,
        "INACTIVE": 0.648508430609598,
        "INVALID": 0,
        "MALICIOUS": 0,
        "SANE": 0,
        "VALID": 0,
        "total": 100.14800793010909
    }
}