{
    "counter": {
        "ACTIVE": 3208,
        "INACTIVE": 10,
        "INVALID": 0,
        "MALICIOUS": 0,
        "SANE": 0,
        "VALID": 0,
        "total": 3218
    },
    "percentage": {
        "ACTIVE": 99.68924798011187,
        "INACTIVE": 0.37064492216456635,
        "INVALID": 0,
        "MALICIOUS": 0,
        "SANE": 0,
        "VALID": 0,
        "total": 100.05989290227645
    }
}