{
    "counter": {
        "ACTIVE": 1117,
        "INACTIVE": 9,
        "INVALID": 0,
        "MALICIOUS": 0,
        "SANE": 0,
        "VALID": 0,
        "total": 1126
    },
    "percentage": {
        "ACTIVE": 99.20071047957371,
        "INACTIVE": 0.87890625,
        "INVALID": 0,
        "MALICIOUS": 0,
        "SANE": 0,
        "VALID": 0,
        "total": 100.07961672957371
    }
}