{
    "counter": {
        "ACTIVE": 704,
        "INACTIVE": 8,
        "INVALID": 0,
        "MALICIOUS": 0,
        "SANE": 0,
        "VALID": 0,
        "total": 712
    },
    "percentage": {
        "ACTIVE": 98.87640449438203,
        "INACTIVE": 1.4260249554367201,
        "INVALID": 0,
        "MALICIOUS": 0,
        "SANE": 0,
        "VALID": 0,
        "total": 100.30242944981875
    }
}