{
    "counter": {
        "ACTIVE": 946,
        "INACTIVE": 6,
        "INVALID": 0,
        "MALICIOUS": 0,
        "SANE": 0,
        "VALID": 0,
        "total": 952
    },
    "percentage": {
        "ACTIVE": 99.36974789915966,
        "INACTIVE": 0.646551724137931,
        "INVALID": 0,
        "MALICIOUS": 0,
        "SANE": 0,
        "VALID": 0,
        "total": 100.0162996232976
    }
}