{
    "counter": {
        "ACTIVE": 3542,
        "INACTIVE": 5,
        "INVALID": 0,
        "MALICIOUS": 0,
        "SANE": 0,
        "VALID": 0,
        "total": 3547
    },
    "percentage": {
        "ACTIVE": 99.85903580490556,
        "INACTIVE": 0.20584602717167558,
        "INVALID": 0,
        "MALICIOUS": 0,
        "SANE": 0,
        "VALID": 0,
        "total": 100.06488183207723
    }
}