{
    "counter": {
        "ACTIVE": 397,
        "INACTIVE": 5,
        "INVALID": 0,
        "MALICIOUS": 0,
        "SANE": 0,
        "VALID": 0,
        "total": 402
    },
    "percentage": {
        "ACTIVE": 98.75621890547264,
        "INACTIVE": 1.4164305949008498,
        "INVALID": 0,
        "MALICIOUS": 0,
        "SANE": 0,
        "VALID": 0,
        "total": 100.17264950037348
    }
}