{
    "counter": {
        "ACTIVE": 3518,
        "INACTIVE": 0,
        "INVALID": 1,
        "MALICIOUS": 0,
        "SANE": 0,
        "VALID": 0,
        "total": 3519
    },
    "percentage": {
        "ACTIVE": 99.97158283603297,
        "INACTIVE": 0,
        "INVALID": 0.06261740763932373,
        "MALICIOUS": 0,
        "SANE": 0,
        "VALID": 0,
        "total": 100.03420024367229
    }
}