{
    "counter": {
        "ACTIVE": 3575,
        "INACTIVE": 10,
        "INVALID": 0,
        "MALICIOUS": 0,
        "SANE": 0,
        "VALID": 0,
        "total": 3585
    },
    "percentage": {
        "ACTIVE": 99.72105997210599,
        "INACTIVE": 0.31446540880503143,
        "INVALID": 0,
        "MALICIOUS": 0,
        "SANE": 0,
        "VALID": 0,
        "total": 100.03552538091103
    }
}