{
    "counter": {
        "ACTIVE": 3609,
        "INACTIVE": 6,
        "INVALID": 0,
        "MALICIOUS": 0,
        "SANE": 0,
        "VALID": 0,
        "total": 3615
    },
    "percentage": {
        "ACTIVE": 99.83402489626556,
        "INACTIVE": 0.18744142455482662,
        "INVALID": 0,
        "MALICIOUS": 0,
        "SANE": 0,
        "VALID": 0,
        "total": 100.0214663208204
    }
}