{
    "counter": {
        "ACTIVE": 1401,
        "INACTIVE": 6,
        "INVALID": 0,
        "MALICIOUS": 0,
        "SANE": 0,
        "VALID": 0,
        "total": 1407
    },
    "percentage": {
        "ACTIVE": 99.57356076759062,
        "INACTIVE": 0.554016620498615,
        "INVALID": 0,
        "MALICIOUS": 0,
        "SANE": 0,
        "VALID": 0,
        "total": 100.12757738808924
    }
}