{
    "counter": {
        "ACTIVE": 1025,
        "INACTIVE": 9,
        "INVALID": 0,
        "MALICIOUS": 0,
        "SANE": 0,
        "VALID": 0,
        "total": 1034
    },
    "percentage": {
        "ACTIVE": 99.12959381044487,
        "INACTIVE": 0.9584664536741214,
        "INVALID": 0,
        "MALICIOUS": 0,
        "SANE": 0,
        "VALID": 0,
        "total": 100.088060264119
    }
}