{
    "counter": {
        "ACTIVE": 3145,
        "INACTIVE": 23,
        "INVALID": 0,
        "MALICIOUS": 0,
        "SANE": 0,
        "VALID": 0,
        "total": 3168
    },
    "percentage": {
        "ACTIVE": 99.2739898989899,
        "INACTIVE": 0.880214313050134,
        "INVALID": 0,
        "MALICIOUS": 0,
        "SANE": 0,
        "VALID": 0,
        "total": 100.15420421204003
    }
}