{
    "counter": {
        "ACTIVE": 2136,
        "INACTIVE": 19,
        "INVALID": 0,
        "MALICIOUS": 0,
        "SANE": 0,
        "VALID": 0,
        "total": 2155
    },
    "percentage": {
        "ACTIVE": 99.11832946635731,
        "INACTIVE": 0.8953817153628653,
        "INVALID": 0,
        "MALICIOUS": 0,
        "SANE": 0,
        "VALID": 0,
        "total": 100.01371118172017
    }
}