{
    "counter": {
        "ACTIVE": 1884,
        "INACTIVE": 5,
        "INVALID": 0,
        "MALICIOUS": 0,
        "SANE": 0,
        "VALID": 0,
        "total": 1889
    },
    "percentage": {
        "ACTIVE": 99.73530968766543,
        "INACTIVE": 0.2932551319648094,
        "INVALID": 0,
        "MALICIOUS": 0,
        "SANE": 0,
        "VALID": 0,
        "total": 100.02856481963025
    }
}