{
    "counter": {
        "ACTIVE": 1477,
        "INACTIVE": 14,
        "INVALID": 0,
        "MALICIOUS": 0,
        "SANE": 0,
        "VALID": 0,
        "total": 1491
    },
    "percentage": {
        "ACTIVE": 99.06103286384976,
        "INACTIVE": 1.0424422933730455,
        "INVALID": 0,
        "MALICIOUS": 0,
        "SANE": 0,
        "VALID": 0,
        "total": 100.1034751572228
    }
}