{
    "counter": {
        "ACTIVE": 2938,
        "INACTIVE": 9,
        "INVALID": 0,
        "MALICIOUS": 0,
        "SANE": 0,
        "VALID": 0,
        "total": 2947
    },
    "percentage": {
        "ACTIVE": 99.6946046827282,
        "INACTIVE": 0.38593481989708406,
        "INVALID": 0,
        "MALICIOUS": 0,
        "SANE": 0,
        "VALID": 0,
        "total": 100.08053950262529
    }
}