{
    "counter": {
        "ACTIVE": 1199,
        "INACTIVE": 7,
        "INVALID": 0,
        "MALICIOUS": 0,
        "SANE": 0,
        "VALID": 0,
        "total": 1206
    },
    "percentage": {
        "ACTIVE": 99.4195688225539,
        "INACTIVE": 0.6499535747446611,
        "INVALID": 0,
        "MALICIOUS": 0,
        "SANE": 0,
        "VALID": 0,
        "total": 100.06952239729856
    }
}