{
    "counter": {
        "ACTIVE": 2075,
        "INACTIVE": 8,
        "INVALID": 0,
        "MALICIOUS": 0,
        "SANE": 0,
        "VALID": 0,
        "total": 2083
    },
    "percentage": {
        "ACTIVE": 99.61593855016802,
        "INACTIVE": 0.38910505836575876,
        "INVALID": 0,
        "MALICIOUS": 0,
        "SANE": 0,
        "VALID": 0,
        "total": 100.00504360853378
    }
}