{
    "counter": {
        "ACTIVE": 3088,
        "INACTIVE": 16,
        "INVALID": 0,
        "MALICIOUS": 0,
        "SANE": 0,
        "VALID": 0,
        "total": 3104
    },
    "percentage": {
        "ACTIVE": 99.48453608247422,
        "INACTIVE": 0.5268356931182088,
        "INVALID": 0,
        "MALICIOUS": 0,
        "SANE": 0,
        "VALID": 0,
        "total": 100.01137177559244
    }
}