{
    "counter": {
        "ACTIVE": 3597,
        "INACTIVE": 11,
        "INVALID": 0,
        "MALICIOUS": 0,
        "SANE": 0,
        "VALID": 0,
        "total": 3608
    },
    "percentage": {
        "ACTIVE": 99.6951219512195,
        "INACTIVE": 0.3368034292712799,
        "INVALID": 0,
        "MALICIOUS": 0,
        "SANE": 0,
        "VALID": 0,
        "total": 100.03192538049079
    }
}