{
    "counter": {
        "ACTIVE": 1947,
        "INACTIVE": 3,
        "INVALID": 0,
        "MALICIOUS": 0,
        "SANE": 0,
        "VALID": 0,
        "total": 1950
    },
    "percentage": {
        "ACTIVE": 99.84615384615384,
        "INACTIVE": 0.44510385756676557,
        "INVALID": 0,
        "MALICIOUS": 0,
        "SANE": 0,
        "VALID": 0,
        "total": 100.2912577037206
    }
}