{
    "counter": {
        "ACTIVE": 3522,
        "INACTIVE": 8,
        "INVALID": 0,
        "MALICIOUS": 0,
        "SANE": 0,
        "VALID": 0,
        "total": 3530
    },
    "percentage": {
        "ACTIVE": 99.77337110481587,
        "INACTIVE": 0.33126293995859213,
        "INVALID": 0,
        "MALICIOUS": 0,
        "SANE": 0,
        "VALID": 0,
        "total": 100.10463404477446
    }
}