{
    "counter": {
        "ACTIVE": 3586,
        "INACTIVE": 9,
        "INVALID": 0,
        "MALICIOUS": 0,
        "SANE": 0,
        "VALID": 0,
        "total": 3595
    },
    "percentage": {
        "ACTIVE": 99.74965229485396,
        "INACTIVE": 0.36217303822937624,
        "INVALID": 0,
        "MALICIOUS": 0,
        "SANE": 0,
        "VALID": 0,
        "total": 100.11182533308333
    }
}