{
    "counter": {
        "ACTIVE": 584,
        "INACTIVE": 5,
        "INVALID": 0,
        "MALICIOUS": 0,
        "SANE": 0,
        "VALID": 0,
        "total": 589
    },
    "percentage": {
        "ACTIVE": 99.15110356536502,
        "INACTIVE": 0.8880994671403197,
        "INVALID": 0,
        "MALICIOUS": 0,
        "SANE": 0,
        "VALID": 0,
        "total": 100.03920303250534
    }
}