{
    "counter": {
        "ACTIVE": 1669,
        "INACTIVE": 16,
        "INVALID": 0,
        "MALICIOUS": 0,
        "SANE": 0,
        "VALID": 0,
        "total": 1685
    },
    "percentage": {
        "ACTIVE": 99.05044510385757,
        "INACTIVE": 0.9858287122612446,
        "INVALID": 0,
        "MALICIOUS": 0,
        "SANE": 0,
        "VALID": 0,
        "total": 100.03627381611881
    }
}