{
    "counter": {
        "ACTIVE": 2950,
        "INACTIVE": 20,
        "INVALID": 0,
        "MALICIOUS": 0,
        "SANE": 0,
        "VALID": 0,
        "total": 2970
    },
    "percentage": {
        "ACTIVE": 99.32659932659932,
        "INACTIVE": 0.7251631617113851,
        "INVALID": 0,
        "MALICIOUS": 0,
        "SANE": 0,
        "VALID": 0,
        "total": 100.0517624883107
    }
}