{
    "counter": {
        "ACTIVE": 217,
        "INACTIVE": 2,
        "INVALID": 0,
        "MALICIOUS": 0,
        "SANE": 0,
        "VALID": 0,
        "total": 219
    },
    "percentage": {
        "ACTIVE": 99.08675799086758,
        "INACTIVE": 1.408450704225352,
        "INVALID": 0,
        "MALICIOUS": 0,
        "SANE": 0,
        "VALID": 0,
        "total": 100.49520869509294
    }
}