{
    "counter": {
        "ACTIVE": 976,
        "INACTIVE": 8,
        "INVALID": 0,
        "MALICIOUS": 0,
        "SANE": 0,
        "VALID": 0,
        "total": 984
    },
    "percentage": {
        "ACTIVE": 99.1869918699187,
        "INACTIVE": 0.9900990099009901,
        "INVALID": 0,
        "MALICIOUS": 0,
        "SANE": 0,
        "VALID": 0,
        "total": 100.17709087981969
    }
}