{
    "counter": {
        "ACTIVE": 3488,
        "INACTIVE": 18,
        "INVALID": 0,
        "MALICIOUS": 0,
        "SANE": 0,
        "VALID": 0,
        "total": 3506
    },
    "percentage": {
        "ACTIVE": 99.48659440958357,
        "INACTIVE": 0.5761843790012804,
        "INVALID": 0,
        "MALICIOUS": 0,
        "SANE": 0,
        "VALID": 0,
        "total": 100.06277878858485
    }
}