{
    "counter": {
        "ACTIVE": 1076,
        "INACTIVE": 9,
        "INVALID": 0,
        "MALICIOUS": 0,
        "SANE": 0,
        "VALID": 0,
        "total": 1085
    },
    "percentage": {
        "ACTIVE": 99.17050691244239,
        "INACTIVE": 0.8419083255378859,
        "INVALID": 0,
        "MALICIOUS": 0,
        "SANE": 0,
        "VALID": 0,
        "total": 100.01241523798028
    }
}