{
    "counter": {
        "ACTIVE": 289,
        "INACTIVE": 1,
        "INVALID": 0,
        "MALICIOUS": 0,
        "SANE": 0,
        "VALID": 0,
        "total": 290
    },
    "percentage": {
        "ACTIVE": 99.65517241379311,
        "INACTIVE": 0.8547008547008547,
        "INVALID": 0,
        "MALICIOUS": 0,
        "SANE": 0,
        "VALID": 0,
        "total": 100.50987326849396
    }
}