{
    "counter": {
        "ACTIVE": 1207,
        "INACTIVE": 10,
        "INVALID": 0,
        "MALICIOUS": 0,
        "SANE": 0,
        "VALID": 0,
        "total": 1217
    },
    "percentage": {
        "ACTIVE": 99.17830731306492,
        "INACTIVE": 0.9910802775024777,
        "INVALID": 0,
        "MALICIOUS": 0,
        "SANE": 0,
        "VALID": 0,
        "total": 100.1693875905674
    }
}