{
    "counter": {
        "ACTIVE": 2928,
        "INACTIVE": 9,
        "INVALID": 0,
        "MALICIOUS": 0,
        "SANE": 0,
        "VALID": 0,
        "total": 2937
    },
    "percentage": {
        "ACTIVE": 99.69356486210418,
        "INACTIVE": 0.3076923076923077,
        "INVALID": 0,
        "MALICIOUS": 0,
        "SANE": 0,
        "VALID": 0,
        "total": 100.00125716979649
    }
}