{
    "counter": {
        "ACTIVE": 1147,
        "INACTIVE": 8,
        "INVALID": 0,
        "MALICIOUS": 0,
        "SANE": 0,
        "VALID": 0,
        "total": 1155
    },
    "percentage": {
        "ACTIVE": 99.3073593073593,
        "INACTIVE": 1.1577424023154848,
        "INVALID": 0,
        "MALICIOUS": 0,
        "SANE": 0,
        "VALID": 0,
        "total": 100.4651017096748
    }
}