{
    "counter": {
        "ACTIVE": 3268,
        "INACTIVE": 10,
        "INVALID": 0,
        "MALICIOUS": 0,
        "SANE": 0,
        "VALID": 0,
        "total": 3278
    },
    "percentage": {
        "ACTIVE": 99.69493593654667,
        "INACTIVE": 0.36101083032490977,
        "INVALID": 0,
        "MALICIOUS": 0,
        "SANE": 0,
        "VALID": 0,
        "total": 100.05594676687159
    }
}