{
    "counter": {
        "ACTIVE": 3105,
        "INACTIVE": 5,
        "INVALID": 0,
        "MALICIOUS": 0,
        "SANE": 0,
        "VALID": 0,
        "total": 3110
    },
    "percentage": {
        "ACTIVE": 99.83922829581994,
        "INACTIVE": 0.2010454362685967,
        "INVALID": 0,
        "MALICIOUS": 0,
        "SANE": 0,
        "VALID": 0,
        "total": 100.04027373208854
    }
}