{
    "counter": {
        "ACTIVE": 2887,
        "INACTIVE": 13,
        "INVALID": 0,
        "MALICIOUS": 0,
        "SANE": 0,
        "VALID": 0,
        "total": 2900
    },
    "percentage": {
        "ACTIVE": 99.55172413793103,
        "INACTIVE": 0.4889056036103798,
        "INVALID": 0,
        "MALICIOUS": 0,
        "SANE": 0,
        "VALID": 0,
        "total": 100.04062974154141
    }
}