{
    "counter": {
        "ACTIVE": 3249,
        "INACTIVE": 22,
        "INVALID": 0,
        "MALICIOUS": 0,
        "SANE": 0,
        "VALID": 0,
        "total": 3271
    },
    "percentage": {
        "ACTIVE": 99.3274228064812,
        "INACTIVE": 0.7035497281739687,
        "INVALID": 0,
        "MALICIOUS": 0,
        "SANE": 0,
        "VALID": 0,
        "total": 100.03097253465516
    }
}