{
    "counter": {
        "ACTIVE": 1408,
        "INACTIVE": 12,
        "INVALID": 0,
        "MALICIOUS": 0,
        "SANE": 0,
        "VALID": 0,
        "total": 1420
    },
    "percentage": {
        "ACTIVE": 99.15492957746478,
        "INACTIVE": 1.3333333333333333,
        "INVALID": 0,
        "MALICIOUS": 0,
        "SANE": 0,
        "VALID": 0,
        "total": 100.48826291079811
    }
}