{
    "counter": {
        "ACTIVE": 1472,
        "INACTIVE": 8,
        "INVALID": 0,
        "MALICIOUS": 0,
        "SANE": 0,
        "VALID": 0,
        "total": 1480
    },
    "percentage": {
        "ACTIVE": 99.45945945945945,
        "INACTIVE": 0.6546644844517185,
        "INVALID": 0,
        "MALICIOUS": 0,
        "SANE": 0,
        "VALID": 0,
        "total": 100.11412394391117
    }
}