{
    "counter": {
        "ACTIVE": 1206,
        "INACTIVE": 9,
        "INVALID": 0,
        "MALICIOUS": 0,
        "SANE": 0,
        "VALID": 0,
        "total": 1215
    },
    "percentage": {
        "ACTIVE": 99.25925925925925,
        "INACTIVE": 0.8973080757726819,
        "INVALID": 0,
        "MALICIOUS": 0,
        "SANE": 0,
        "VALID": 0,
        "total": 100.15656733503194
    }
}