{
    "counter": {
        "ACTIVE": 3302,
        "INACTIVE": 7,
        "INVALID": 0,
        "MALICIOUS": 0,
        "SANE": 0,
        "VALID": 0,
        "total": 3309
    },
    "percentage": {
        "ACTIVE": 99.78845572680568,
        "INACTIVE": 0.33816425120772947,
        "INVALID": 0,
        "MALICIOUS": 0,
        "SANE": 0,
        "VALID": 0,
        "total": 100.12661997801341
    }
}