{
    "counter": {
        "ACTIVE": 2143,
        "INACTIVE": 1,
        "INVALID": 0,
        "MALICIOUS": 0,
        "SANE": 0,
        "VALID": 0,
        "total": 2144
    },
    "percentage": {
        "ACTIVE": 99.95335820895522,
        "INACTIVE": 0.09652509652509653,
        "INVALID": 0,
        "MALICIOUS": 0,
        "SANE": 0,
        "VALID": 0,
        "total": 100.04988330548032
    }
}