{
    "counter": {
        "ACTIVE": 932,
        "INACTIVE": 12,
        "INVALID": 0,
        "MALICIOUS": 0,
        "SANE": 0,
        "VALID": 0,
        "total": 944
    },
    "percentage": {
        "ACTIVE": 98.72881355932203,
        "INACTIVE": 1.7543859649122806,
        "INVALID": 0,
        "MALICIOUS": 0,
        "SANE": 0,
        "VALID": 0,
        "total": 100.48319952423431
    }
}