{
    "counter": {
        "ACTIVE": 3522,
        "INACTIVE": 9,
        "INVALID": 0,
        "MALICIOUS": 0,
        "SANE": 0,
        "VALID": 0,
        "total": 3531
    },
    "percentage": {
        "ACTIVE": 99.74511469838572,
        "INACTIVE": 0.29402156158118264,
        "INVALID": 0,
        "MALICIOUS": 0,
        "SANE": 0,
        "VALID": 0,
        "total": 100.03913625996691
    }
}