{
    "counter": {
        "ACTIVE": 963,
        "INACTIVE": 10,
        "INVALID": 0,
        "MALICIOUS": 0,
        "SANE": 0,
        "VALID": 0,
        "total": 973
    },
    "percentage": {
        "ACTIVE": 98.97225077081193,
        "INACTIVE": 1.7730496453900708,
        "INVALID": 0,
        "MALICIOUS": 0,
        "SANE": 0,
        "VALID": 0,
        "total": 100.745300416202
    }
}