{
    "counter": {
        "ACTIVE": 2091,
        "INACTIVE": 12,
        "INVALID": 0,
        "MALICIOUS": 0,
        "SANE": 0,
        "VALID": 0,
        "total": 2103
    },
    "percentage": {
        "ACTIVE": 99.42938659058488,
        "INACTIVE": 1.1730205278592376,
        "INVALID": 0,
        "MALICIOUS": 0,
        "SANE": 0,
        "VALID": 0,
        "total": 100.60240711844412
    }
}