{
    "counter": {
        "ACTIVE": 1320,
        "INACTIVE": 4,
        "INVALID": 0,
        "MALICIOUS": 0,
        "SANE": 0,
        "VALID": 0,
        "total": 1324
    },
    "percentage": {
        "ACTIVE": 99.69788519637463,
        "INACTIVE": 0.43010752688172044,
        "INVALID": 0,
        "MALICIOUS": 0,
        "SANE": 0,
        "VALID": 0,
        "total": 100.12799272325636
    }
}