{
    "counter": {
        "ACTIVE": 2288,
        "INACTIVE": 14,
        "INVALID": 0,
        "MALICIOUS": 0,
        "SANE": 0,
        "VALID": 0,
        "total": 2302
    },
    "percentage": {
        "ACTIVE": 99.3918331885317,
        "INACTIVE": 0.7197943444730077,
        "INVALID": 0,
        "MALICIOUS": 0,
        "SANE": 0,
        "VALID": 0,
        "total": 100.11162753300471
    }
}