{
    "counter": {
        "ACTIVE": 3501,
        "INACTIVE": 17,
        "INVALID": 0,
        "MALICIOUS": 0,
        "SANE": 0,
        "VALID": 0,
        "total": 3518
    },
    "percentage": {
        "ACTIVE": 99.51677089255259,
        "INACTIVE": 0.5459216441875402,
        "INVALID": 0,
        "MALICIOUS": 0,
        "SANE": 0,
        "VALID": 0,
        "total": 100.06269253674013
    }
}