{
    "counter": {
        "ACTIVE": 1411,
        "INACTIVE": 11,
        "INVALID": 0,
        "MALICIOUS": 0,
        "SANE": 0,
        "VALID": 0,
        "total": 1422
    },
    "percentage": {
        "ACTIVE": 99.22644163150493,
        "INACTIVE": 1.926444833625219,
        "INVALID": 0,
        "MALICIOUS": 0,
        "SANE": 0,
        "VALID": 0,
        "total": 101.15288646513015
    }
}