{
    "counter": {
        "ACTIVE": 3468,
        "INACTIVE": 9,
        "INVALID": 0,
        "MALICIOUS": 0,
        "SANE": 0,
        "VALID": 0,
        "total": 3477
    },
    "percentage": {
        "ACTIVE": 99.7411561691113,
        "INACTIVE": 0.3139169863969306,
        "INVALID": 0,
        "MALICIOUS": 0,
        "SANE": 0,
        "VALID": 0,
        "total": 100.05507315550824
    }
}