{
    "counter": {
        "ACTIVE": 840,
        "INACTIVE": 6,
        "INVALID": 0,
        "MALICIOUS": 0,
        "SANE": 0,
        "VALID": 0,
        "total": 846
    },
    "percentage": {
        "ACTIVE": 99.29078014184397,
        "INACTIVE": 0.8547008547008547,
        "INVALID": 0,
        "MALICIOUS": 0,
        "SANE": 0,
        "VALID": 0,
        "total": 100.14548099654482
    }
}