{
    "counter": {
        "ACTIVE": 995,
        "INACTIVE": 10,
        "INVALID": 0,
        "MALICIOUS": 0,
        "SANE": 0,
        "VALID": 0,
        "total": 1005
    },
    "percentage": {
        "ACTIVE": 99.0049751243781,
        "INACTIVE": 1.0964912280701755,
        "INVALID": 0,
        "MALICIOUS": 0,
        "SANE": 0,
        "VALID": 0,
        "total": 100.10146635244828
    }
}