{
    "counter": {
        "ACTIVE": 3359,
        "INACTIVE": 1,
        "INVALID": 0,
        "MALICIOUS": 0,
        "SANE": 0,
        "VALID": 0,
        "total": 3360
    },
    "percentage": {
        "ACTIVE": 99.9702380952381,
        "INACTIVE": 0.030911901081916538,
        "INVALID": 0,
        "MALICIOUS": 0,
        "SANE": 0,
        "VALID": 0,
        "total": 100.00114999632002
    }
}