{
    "counter": {
        "ACTIVE": 687,
        "INACTIVE": 9,
        "INVALID": 0,
        "MALICIOUS": 0,
        "SANE": 0,
        "VALID": 0,
        "total": 696
    },
    "percentage": {
        "ACTIVE": 98.70689655172414,
        "INACTIVE": 1.7208413001912046,
        "INVALID": 0,
        "MALICIOUS": 0,
        "SANE": 0,
        "VALID": 0,
        "total": 100.42773785191535
    }
}