{
    "counter": {
        "ACTIVE": 3544,
        "INACTIVE": 3,
        "INVALID": 0,
        "MALICIOUS": 0,
        "SANE": 0,
        "VALID": 0,
        "total": 3547
    },
    "percentage": {
        "ACTIVE": 99.91542148294333,
        "INACTIVE": 0.5309734513274337,
        "INVALID": 0,
        "MALICIOUS": 0,
        "SANE": 0,
        "VALID": 0,
        "total": 100.44639493427077
    }
}