{
    "counter": {
        "ACTIVE": 3599,
        "INACTIVE": 16,
        "INVALID": 0,
        "MALICIOUS": 0,
        "SANE": 0,
        "VALID": 0,
        "total": 3615
    },
    "percentage": {
        "ACTIVE": 99.55739972337483,
        "INACTIVE": 0.6475111290975314,
        "INVALID": 0,
        "MALICIOUS": 0,
        "SANE": 0,
        "VALID": 0,
        "total": 100.20491085247237
    }
}