{
    "counter": {
        "ACTIVE": 713,
        "INACTIVE": 4,
        "INVALID": 0,
        "MALICIOUS": 0,
        "SANE": 0,
        "VALID": 0,
        "total": 717
    },
    "percentage": {
        "ACTIVE": 99.442119944212,
        "INACTIVE": 0.6033182503770739,
        "INVALID": 0,
        "MALICIOUS": 0,
        "SANE": 0,
        "VALID": 0,
        "total": 100.04543819458907
    }
}