{
    "counter": {
        "ACTIVE": 642,
        "INACTIVE": 9,
        "INVALID": 0,
        "MALICIOUS": 0,
        "SANE": 0,
        "VALID": 0,
        "total": 651
    },
    "percentage": {
        "ACTIVE": 98.61751152073732,
        "INACTIVE": 1.5789473684210527,
        "INVALID": 0,
        "MALICIOUS": 0,
        "SANE": 0,
        "VALID": 0,
        "total": 100.19645888915838
    }
}