{
    "counter": {
        "ACTIVE": 537,
        "INACTIVE": 4,
        "INVALID": 0,
        "MALICIOUS": 0,
        "SANE": 0,
        "VALID": 0,
        "total": 541
    },
    "percentage": {
        "ACTIVE": 99.26062846580406,
        "INACTIVE": 0.8213552361396304,
        "INVALID": 0,
        "MALICIOUS": 0,
        "SANE": 0,
        "VALID": 0,
        "total": 100.08198370194368
    }
}