{
    "counter": {
        "ACTIVE": 3531,
        "INACTIVE": 7,
        "INVALID": 0,
        "MALICIOUS": 0,
        "SANE": 0,
        "VALID": 0,
        "total": 3538
    },
    "percentage": {
        "ACTIVE": 99.80214810627473,
        "INACTIVE": 0.21929824561403508,
        "INVALID": 0,
        "MALICIOUS": 0,
        "SANE": 0,
        "VALID": 0,
        "total": 100.02144635188877
    }
}