{
    "counter": {
        "ACTIVE": 3409,
        "INACTIVE": 7,
        "INVALID": 0,
        "MALICIOUS": 0,
        "SANE": 0,
        "VALID": 0,
        "total": 3416
    },
    "percentage": {
        "ACTIVE": 99.79508196721312,
        "INACTIVE": 0.3342884431709647,
        "INVALID": 0,
        "MALICIOUS": 0,
        "SANE": 0,
        "VALID": 0,
        "total": 100.12937041038408
    }
}