{
    "counter": {
        "ACTIVE": 1970,
        "INACTIVE": 6,
        "INVALID": 0,
        "MALICIOUS": 0,
        "SANE": 0,
        "VALID": 0,
        "total": 1976
    },
    "percentage": {
        "ACTIVE": 99.69635627530364,
        "INACTIVE": 0.91324200913242,
        "INVALID": 0,
        "MALICIOUS": 0,
        "SANE": 0,
        "VALID": 0,
        "total": 100.60959828443606
    }
}