{
    "counter": {
        "ACTIVE": 5152,
        "INACTIVE": 707,
        "INVALID": 53,
        "MALICIOUS": 0,
        "SANE": 0,
        "VALID": 0,
        "total": 5912
    },
    "percentage": {
        "ACTIVE": 87.14479025710419,
        "INACTIVE": 11.962774957698816,
        "INVALID": 1.463684065175366,
        "MALICIOUS": 0,
        "SANE": 0,
        "VALID": 0,
        "total": 100.57124927997837
    }
}