{
    "counter": {
        "ACTIVE": 419,
        "INACTIVE": 1,
        "INVALID": 0,
        "MALICIOUS": 0,
        "SANE": 0,
        "VALID": 0,
        "total": 420
    },
    "percentage": {
        "ACTIVE": 99.76190476190476,
        "INACTIVE": 0.28328611898017,
        "INVALID": 0,
        "MALICIOUS": 0,
        "SANE": 0,
        "VALID": 0,
        "total": 100.04519088088493
    }
}