{
    "counter": {
        "ACTIVE": 410,
        "INACTIVE": 5,
        "INVALID": 0,
        "MALICIOUS": 0,
        "SANE": 0,
        "VALID": 0,
        "total": 415
    },
    "percentage": {
        "ACTIVE": 98.79518072289157,
        "INACTIVE": 1.2195121951219512,
        "INVALID": 0,
        "MALICIOUS": 0,
        "SANE": 0,
        "VALID": 0,
        "total": 100.01469291801352
    }
}