{
    "counter": {
        "ACTIVE": 3556,
        "INACTIVE": 14,
        "INVALID": 0,
        "MALICIOUS": 0,
        "SANE": 0,
        "VALID": 0,
        "total": 3570
    },
    "percentage": {
        "ACTIVE": 99.6078431372549,
        "INACTIVE": 0.5068790731354091,
        "INVALID": 0,
        "MALICIOUS": 0,
        "SANE": 0,
        "VALID": 0,
        "total": 100.11472221039031
    }
}