{
    "counter": {
        "ACTIVE": 3244,
        "INACTIVE": 17,
        "INVALID": 0,
        "MALICIOUS": 0,
        "SANE": 0,
        "VALID": 0,
        "total": 3261
    },
    "percentage": {
        "ACTIVE": 99.4786875191659,
        "INACTIVE": 0.5605011539729641,
        "INVALID": 0,
        "MALICIOUS": 0,
        "SANE": 0,
        "VALID": 0,
        "total": 100.03918867313887
    }
}