{
    "counter": {
        "ACTIVE": 2239,
        "INACTIVE": 16,
        "INVALID": 0,
        "MALICIOUS": 0,
        "SANE": 0,
        "VALID": 0,
        "total": 2255
    },
    "percentage": {
        "ACTIVE": 99.29046563192905,
        "INACTIVE": 0.7230004518752824,
        "INVALID": 0,
        "MALICIOUS": 0,
        "SANE": 0,
        "VALID": 0,
        "total": 100.01346608380433
    }
}