{
    "counter": {
        "ACTIVE": 3273,
        "INACTIVE": 10,
        "INVALID": 0,
        "MALICIOUS": 0,
        "SANE": 0,
        "VALID": 0,
        "total": 3283
    },
    "percentage": {
        "ACTIVE": 99.69540054827901,
        "INACTIVE": 0.3060912151821243,
        "INVALID": 0,
        "MALICIOUS": 0,
        "SANE": 0,
        "VALID": 0,
        "total": 100.00149176346113
    }
}