{
    "counter": {
        "ACTIVE": 425,
        "INACTIVE": 7,
        "INVALID": 0,
        "MALICIOUS": 0,
        "SANE": 0,
        "VALID": 0,
        "total": 432
    },
    "percentage": {
        "ACTIVE": 98.37962962962963,
        "INACTIVE": 1.650943396226415,
        "INVALID": 0,
        "MALICIOUS": 0,
        "SANE": 0,
        "VALID": 0,
        "total": 100.03057302585604
    }
}