{
    "counter": {
        "ACTIVE": 916,
        "INACTIVE": 8,
        "INVALID": 0,
        "MALICIOUS": 0,
        "SANE": 0,
        "VALID": 0,
        "total": 924
    },
    "percentage": {
        "ACTIVE": 99.13419913419914,
        "INACTIVE": 0.9876543209876543,
        "INVALID": 0,
        "MALICIOUS": 0,
        "SANE": 0,
        "VALID": 0,
        "total": 100.1218534551868
    }
}