{
    "counter": {
        "ACTIVE": 528,
        "INACTIVE": 7,
        "INVALID": 0,
        "MALICIOUS": 0,
        "SANE": 0,
        "VALID": 0,
        "total": 535
    },
    "percentage": {
        "ACTIVE": 98.69158878504673,
        "INACTIVE": 1.3618677042801557,
        "INVALID": 0,
        "MALICIOUS": 0,
        "SANE": 0,
        "VALID": 0,
        "total": 100.05345648932689
    }
}