{
    "counter": {
        "ACTIVE": 3545,
        "INACTIVE": 7,
        "INVALID": 0,
        "MALICIOUS": 0,
        "SANE": 0,
        "VALID": 0,
        "total": 3552
    },
    "percentage": {
        "ACTIVE": 99.80292792792793,
        "INACTIVE": 0.21712158808933002,
        "INVALID": 0,
        "MALICIOUS": 0,
        "SANE": 0,
        "VALID": 0,
        "total": 100.02004951601725
    }
}