{
    "counter": {
        "ACTIVE": 233,
        "INACTIVE": 1,
        "INVALID": 0,
        "MALICIOUS": 0,
        "SANE": 0,
        "VALID": 0,
        "total": 234
    },
    "percentage": {
        "ACTIVE": 99.57264957264957,
        "INACTIVE": 1.0204081632653061,
        "INVALID": 0,
        "MALICIOUS": 0,
        "SANE": 0,
        "VALID": 0,
        "total": 100.59305773591487
    }
}