{
    "counter": {
        "ACTIVE": 2906,
        "INACTIVE": 23,
        "INVALID": 0,
        "MALICIOUS": 0,
        "SANE": 0,
        "VALID": 0,
        "total": 2929
    },
    "percentage": {
        "ACTIVE": 99.21474906111301,
        "INACTIVE": 0.880214313050134,
        "INVALID": 0,
        "MALICIOUS": 0,
        "SANE": 0,
        "VALID": 0,
        "total": 100.09496337416314
    }
}