{
    "counter": {
        "ACTIVE": 692,
        "INACTIVE": 4,
        "INVALID": 0,
        "MALICIOUS": 0,
        "SANE": 0,
        "VALID": 0,
        "total": 696
    },
    "percentage": {
        "ACTIVE": 99.42528735632185,
        "INACTIVE": 0.7858546168958742,
        "INVALID": 0,
        "MALICIOUS": 0,
        "SANE": 0,
        "VALID": 0,
        "total": 100.21114197321772
    }
}