{
    "counter": {
        "ACTIVE": 1160,
        "INACTIVE": 8,
        "INVALID": 0,
        "MALICIOUS": 0,
        "SANE": 0,
        "VALID": 0,
        "total": 1168
    },
    "percentage": {
        "ACTIVE": 99.31506849315069,
        "INACTIVE": 0.851063829787234,
        "INVALID": 0,
        "MALICIOUS": 0,
        "SANE": 0,
        "VALID": 0,
        "total": 100.16613232293793
    }
}