{
    "counter": {
        "ACTIVE": 913,
        "INACTIVE": 8,
        "INVALID": 0,
        "MALICIOUS": 0,
        "SANE": 0,
        "VALID": 0,
        "total": 921
    },
    "percentage": {
        "ACTIVE": 99.1313789359392,
        "INACTIVE": 1.3745704467353952,
        "INVALID": 0,
        "MALICIOUS": 0,
        "SANE": 0,
        "VALID": 0,
        "total": 100.50594938267459
    }
}