{
    "counter": {
        "ACTIVE": 3572,
        "INACTIVE": 21,
        "INVALID": 0,
        "MALICIOUS": 0,
        "SANE": 0,
        "VALID": 0,
        "total": 3593
    },
    "percentage": {
        "ACTIVE": 99.41553019760646,
        "INACTIVE": 0.645359557467732,
        "INVALID": 0,
        "MALICIOUS": 0,
        "SANE": 0,
        "VALID": 0,
        "total": 100.06088975507419
    }
}