{
    "counter": {
        "ACTIVE": 232,
        "INACTIVE": 3,
        "INVALID": 0,
        "MALICIOUS": 0,
        "SANE": 0,
        "VALID": 0,
        "total": 235
    },
    "percentage": {
        "ACTIVE": 98.72340425531915,
        "INACTIVE": 2.2058823529411766,
        "INVALID": 0,
        "MALICIOUS": 0,
        "SANE": 0,
        "VALID": 0,
        "total": 100.92928660826033
    }
}