{
    "counter": {
        "ACTIVE": 533,
        "INACTIVE": 10,
        "INVALID": 0,
        "MALICIOUS": 0,
        "SANE": 0,
        "VALID": 0,
        "total": 543
    },
    "percentage": {
        "ACTIVE": 98.15837937384899,
        "INACTIVE": 1.8975332068311195,
        "INVALID": 0,
        "MALICIOUS": 0,
        "SANE": 0,
        "VALID": 0,
        "total": 100.0559125806801
    }
}