{
    "counter": {
        "ACTIVE": 2268,
        "INACTIVE": 19,
        "INVALID": 0,
        "MALICIOUS": 0,
        "SANE": 0,
        "VALID": 0,
        "total": 2287
    },
    "percentage": {
        "ACTIVE": 99.16921731526017,
        "INACTIVE": 0.8991954566966398,
        "INVALID": 0,
        "MALICIOUS": 0,
        "SANE": 0,
        "VALID": 0,
        "total": 100.06841277195682
    }
}