{
    "counter": {
        "ACTIVE": 2426,
        "INACTIVE": 17,
        "INVALID": 0,
        "MALICIOUS": 0,
        "SANE": 0,
        "VALID": 0,
        "total": 2443
    },
    "percentage": {
        "ACTIVE": 99.30413426115432,
        "INACTIVE": 0.8228460793804453,
        "INVALID": 0,
        "MALICIOUS": 0,
        "SANE": 0,
        "VALID": 0,
        "total": 100.12698034053476
    }
}