{
    "counter": {
        "ACTIVE": 2871,
        "INACTIVE": 13,
        "INVALID": 0,
        "MALICIOUS": 0,
        "SANE": 0,
        "VALID": 0,
        "total": 2884
    },
    "percentage": {
        "ACTIVE": 99.5492371705964,
        "INACTIVE": 0.5527210884353742,
        "INVALID": 0,
        "MALICIOUS": 0,
        "SANE": 0,
        "VALID": 0,
        "total": 100.10195825903178
    }
}