{
    "counter": {
        "ACTIVE": 2220,
        "INACTIVE": 13,
        "INVALID": 0,
        "MALICIOUS": 0,
        "SANE": 0,
        "VALID": 0,
        "total": 2233
    },
    "percentage": {
        "ACTIVE": 99.4178235557546,
        "INACTIVE": 0.6304558680892337,
        "INVALID": 0,
        "MALICIOUS": 0,
        "SANE": 0,
        "VALID": 0,
        "total": 100.04827942384382
    }
}