{
    "counter": {
        "ACTIVE": 3478,
        "INACTIVE": 15,
        "INVALID": 0,
        "MALICIOUS": 0,
        "SANE": 0,
        "VALID": 0,
        "total": 3493
    },
    "percentage": {
        "ACTIVE": 99.57056971085028,
        "INACTIVE": 0.5712109672505712,
        "INVALID": 0,
        "MALICIOUS": 0,
        "SANE": 0,
        "VALID": 0,
        "total": 100.14178067810084
    }
}