{
    "counter": {
        "ACTIVE": 2997,
        "INACTIVE": 9,
        "INVALID": 0,
        "MALICIOUS": 0,
        "SANE": 0,
        "VALID": 0,
        "total": 3006
    },
    "percentage": {
        "ACTIVE": 99.7005988023952,
        "INACTIVE": 0.3303964757709251,
        "INVALID": 0,
        "MALICIOUS": 0,
        "SANE": 0,
        "VALID": 0,
        "total": 100.03099527816613
    }
}