{
    "counter": {
        "ACTIVE": 2630,
        "INACTIVE": 6,
        "INVALID": 0,
        "MALICIOUS": 0,
        "SANE": 0,
        "VALID": 0,
        "total": 2636
    },
    "percentage": {
        "ACTIVE": 99.77238239757207,
        "INACTIVE": 0.2604166666666667,
        "INVALID": 0,
        "MALICIOUS": 0,
        "SANE": 0,
        "VALID": 0,
        "total": 100.03279906423874
    }
}