{
    "counter": {
        "ACTIVE": 3233,
        "INACTIVE": 8,
        "INVALID": 0,
        "MALICIOUS": 0,
        "SANE": 0,
        "VALID": 0,
        "total": 3241
    },
    "percentage": {
        "ACTIVE": 99.75316260413453,
        "INACTIVE": 0.32533550223668156,
        "INVALID": 0,
        "MALICIOUS": 0,
        "SANE": 0,
        "VALID": 0,
        "total": 100.07849810637121
    }
}