{
    "counter": {
        "ACTIVE": 914,
        "INACTIVE": 10,
        "INVALID": 0,
        "MALICIOUS": 0,
        "SANE": 0,
        "VALID": 0,
        "total": 924
    },
    "percentage": {
        "ACTIVE": 98.91774891774892,
        "INACTIVE": 1.1350737797956867,
        "INVALID": 0,
        "MALICIOUS": 0,
        "SANE": 0,
        "VALID": 0,
        "total": 100.05282269754461
    }
}