{
    "counter": {
        "ACTIVE": 2872,
        "INACTIVE": 14,
        "INVALID": 0,
        "MALICIOUS": 0,
        "SANE": 0,
        "VALID": 0,
        "total": 2886
    },
    "percentage": {
        "ACTIVE": 99.51489951489951,
        "INACTIVE": 0.5405405405405406,
        "INVALID": 0,
        "MALICIOUS": 0,
        "SANE": 0,
        "VALID": 0,
        "total": 100.05544005544006
    }
}