{
    "counter": {
        "ACTIVE": 976,
        "INACTIVE": 11,
        "INVALID": 0,
        "MALICIOUS": 0,
        "SANE": 0,
        "VALID": 0,
        "total": 987
    },
    "percentage": {
        "ACTIVE": 98.8855116514691,
        "INACTIVE": 1.585014409221902,
        "INVALID": 0,
        "MALICIOUS": 0,
        "SANE": 0,
        "VALID": 0,
        "total": 100.470526060691
    }
}