{
    "counter": {
        "ACTIVE": 2412,
        "INACTIVE": 19,
        "INVALID": 0,
        "MALICIOUS": 0,
        "SANE": 0,
        "VALID": 0,
        "total": 2431
    },
    "percentage": {
        "ACTIVE": 99.21842863019333,
        "INACTIVE": 0.8047437526471835,
        "INVALID": 0,
        "MALICIOUS": 0,
        "SANE": 0,
        "VALID": 0,
        "total": 100.02317238284051
    }
}