{
    "counter": {
        "ACTIVE": 2353,
        "INACTIVE": 20,
        "INVALID": 0,
        "MALICIOUS": 0,
        "SANE": 0,
        "VALID": 0,
        "total": 2373
    },
    "percentage": {
        "ACTIVE": 99.15718499789297,
        "INACTIVE": 0.8507018290089323,
        "INVALID": 0,
        "MALICIOUS": 0,
        "SANE": 0,
        "VALID": 0,
        "total": 100.0078868269019
    }
}