{
    "counter": {
        "ACTIVE": 926,
        "INACTIVE": 13,
        "INVALID": 0,
        "MALICIOUS": 0,
        "SANE": 0,
        "VALID": 0,
        "total": 939
    },
    "percentage": {
        "ACTIVE": 98.61554845580405,
        "INACTIVE": 1.5568862275449102,
        "INVALID": 0,
        "MALICIOUS": 0,
        "SANE": 0,
        "VALID": 0,
        "total": 100.17243468334895
    }
}