{
    "counter": {
        "ACTIVE": 1489,
        "INACTIVE": 13,
        "INVALID": 0,
        "MALICIOUS": 0,
        "SANE": 0,
        "VALID": 0,
        "total": 1502
    },
    "percentage": {
        "ACTIVE": 99.13448735019973,
        "INACTIVE": 0.9658246656760773,
        "INVALID": 0,
        "MALICIOUS": 0,
        "SANE": 0,
        "VALID": 0,
        "total": 100.10031201587582
    }
}