{
    "counter": {
        "ACTIVE": 3203,
        "INACTIVE": 10,
        "INVALID": 0,
        "MALICIOUS": 0,
        "SANE": 0,
        "VALID": 0,
        "total": 3213
    },
    "percentage": {
        "ACTIVE": 99.68876439464675,
        "INACTIVE": 0.3207184092366902,
        "INVALID": 0,
        "MALICIOUS": 0,
        "SANE": 0,
        "VALID": 0,
        "total": 100.00948280388344
    }
}