{
    "counter": {
        "ACTIVE": 3587,
        "INACTIVE": 12,
        "INVALID": 0,
        "MALICIOUS": 0,
        "SANE": 0,
        "VALID": 0,
        "total": 3599
    },
    "percentage": {
        "ACTIVE": 99.66657404834676,
        "INACTIVE": 0.48879837067209775,
        "INVALID": 0,
        "MALICIOUS": 0,
        "SANE": 0,
        "VALID": 0,
        "total": 100.15537241901886
    }
}