{
    "counter": {
        "ACTIVE": 3499,
        "INACTIVE": 7,
        "INVALID": 0,
        "MALICIOUS": 0,
        "SANE": 0,
        "VALID": 0,
        "total": 3506
    },
    "percentage": {
        "ACTIVE": 99.80034227039361,
        "INACTIVE": 0.23171135385633895,
        "INVALID": 0,
        "MALICIOUS": 0,
        "SANE": 0,
        "VALID": 0,
        "total": 100.03205362424995
    }
}