{
    "counter": {
        "ACTIVE": 3501,
        "INACTIVE": 22,
        "INVALID": 0,
        "MALICIOUS": 0,
        "SANE": 0,
        "VALID": 0,
        "total": 3523
    },
    "percentage": {
        "ACTIVE": 99.37553221686063,
        "INACTIVE": 0.8442056792018419,
        "INVALID": 0,
        "MALICIOUS": 0,
        "SANE": 0,
        "VALID": 0,
        "total": 100.21973789606247
    }
}