{
    "counter": {
        "ACTIVE": 3315,
        "INACTIVE": 17,
        "INVALID": 0,
        "MALICIOUS": 0,
        "SANE": 0,
        "VALID": 0,
        "total": 3332
    },
    "percentage": {
        "ACTIVE": 99.48979591836735,
        "INACTIVE": 0.5448717948717948,
        "INVALID": 0,
        "MALICIOUS": 0,
        "SANE": 0,
        "VALID": 0,
        "total": 100.03466771323914
    }
}