{
    "counter": {
        "ACTIVE": 3727,
        "INACTIVE": 1,
        "INVALID": 0,
        "MALICIOUS": 0,
        "SANE": 0,
        "VALID": 0,
        "total": 3728
    },
    "percentage": {
        "ACTIVE": 99.97317596566523,
        "INACTIVE": 0.24096385542168675,
        "INVALID": 0,
        "MALICIOUS": 0,
        "SANE": 0,
        "VALID": 0,
        "total": 100.21413982108692
    }
}