{
    "counter": {
        "ACTIVE": 1344,
        "INACTIVE": 8,
        "INVALID": 0,
        "MALICIOUS": 0,
        "SANE": 0,
        "VALID": 0,
        "total": 1352
    },
    "percentage": {
        "ACTIVE": 99.40828402366864,
        "INACTIVE": 1.1904761904761905,
        "INVALID": 0,
        "MALICIOUS": 0,
        "SANE": 0,
        "VALID": 0,
        "total": 100.59876021414483
    }
}