{
    "counter": {
        "ACTIVE": 1662,
        "INACTIVE": 10,
        "INVALID": 0,
        "MALICIOUS": 0,
        "SANE": 0,
        "VALID": 0,
        "total": 1672
    },
    "percentage": {
        "ACTIVE": 99.40191387559808,
        "INACTIVE": 0.6165228113440198,
        "INVALID": 0,
        "MALICIOUS": 0,
        "SANE": 0,
        "VALID": 0,
        "total": 100.01843668694211
    }
}