{
    "counter": {
        "ACTIVE": 2638,
        "INACTIVE": 11,
        "INVALID": 0,
        "MALICIOUS": 0,
        "SANE": 0,
        "VALID": 0,
        "total": 2649
    },
    "percentage": {
        "ACTIVE": 99.5847489618724,
        "INACTIVE": 0.4473363155754372,
        "INVALID": 0,
        "MALICIOUS": 0,
        "SANE": 0,
        "VALID": 0,
        "total": 100.03208527744785
    }
}