{
    "counter": {
        "ACTIVE": 1556,
        "INACTIVE": 15,
        "INVALID": 0,
        "MALICIOUS": 0,
        "SANE": 0,
        "VALID": 0,
        "total": 1571
    },
    "percentage": {
        "ACTIVE": 99.04519414385742,
        "INACTIVE": 1.3489208633093526,
        "INVALID": 0,
        "MALICIOUS": 0,
        "SANE": 0,
        "VALID": 0,
        "total": 100.39411500716676
    }
}