{
    "counter": {
        "ACTIVE": 3490,
        "INACTIVE": 13,
        "INVALID": 0,
        "MALICIOUS": 0,
        "SANE": 0,
        "VALID": 0,
        "total": 3503
    },
    "percentage": {
        "ACTIVE": 99.62888952326577,
        "INACTIVE": 0.41760359781561196,
        "INVALID": 0,
        "MALICIOUS": 0,
        "SANE": 0,
        "VALID": 0,
        "total": 100.04649312108138
    }
}