{
    "counter": {
        "ACTIVE": 1903,
        "INACTIVE": 14,
        "INVALID": 0,
        "MALICIOUS": 0,
        "SANE": 0,
        "VALID": 0,
        "total": 1917
    },
    "percentage": {
        "ACTIVE": 99.26969222743871,
        "INACTIVE": 1.1484823625922889,
        "INVALID": 0,
        "MALICIOUS": 0,
        "SANE": 0,
        "VALID": 0,
        "total": 100.418174590031
    }
}