{
    "counter": {
        "ACTIVE": 922,
        "INACTIVE": 11,
        "INVALID": 0,
        "MALICIOUS": 0,
        "SANE": 0,
        "VALID": 0,
        "total": 933
    },
    "percentage": {
        "ACTIVE": 98.82100750267954,
        "INACTIVE": 1.3253012048192772,
        "INVALID": 0,
        "MALICIOUS": 0,
        "SANE": 0,
        "VALID": 0,
        "total": 100.14630870749882
    }
}