{
    "counter": {
        "ACTIVE": 2127,
        "INACTIVE": 10,
        "INVALID": 0,
        "MALICIOUS": 0,
        "SANE": 0,
        "VALID": 0,
        "total": 2137
    },
    "percentage": {
        "ACTIVE": 99.53205428170332,
        "INACTIVE": 0.5120327700972862,
        "INVALID": 0,
        "MALICIOUS": 0,
        "SANE": 0,
        "VALID": 0,
        "total": 100.04408705180062
    }
}