{
    "counter": {
        "ACTIVE": 3593,
        "INACTIVE": 11,
        "INVALID": 0,
        "MALICIOUS": 0,
        "SANE": 0,
        "VALID": 0,
        "total": 3604
    },
    "percentage": {
        "ACTIVE": 99.69478357380689,
        "INACTIVE": 0.33659730722154224,
        "INVALID": 0,
        "MALICIOUS": 0,
        "SANE": 0,
        "VALID": 0,
        "total": 100.03138088102843
    }
}