{
    "counter": {
        "ACTIVE": 3460,
        "INACTIVE": 12,
        "INVALID": 0,
        "MALICIOUS": 0,
        "SANE": 0,
        "VALID": 0,
        "total": 3472
    },
    "percentage": {
        "ACTIVE": 99.65437788018433,
        "INACTIVE": 0.37735849056603776,
        "INVALID": 0,
        "MALICIOUS": 0,
        "SANE": 0,
        "VALID": 0,
        "total": 100.03173637075037
    }
}