{
    "counter": {
        "ACTIVE": 3379,
        "INACTIVE": 15,
        "INVALID": 0,
        "MALICIOUS": 0,
        "SANE": 0,
        "VALID": 0,
        "total": 3394
    },
    "percentage": {
        "ACTIVE": 99.55804360636417,
        "INACTIVE": 0.5492493592090809,
        "INVALID": 0,
        "MALICIOUS": 0,
        "SANE": 0,
        "VALID": 0,
        "total": 100.10729296557325
    }
}