{
    "counter": {
        "ACTIVE": 3472,
        "INACTIVE": 5,
        "INVALID": 0,
        "MALICIOUS": 0,
        "SANE": 0,
        "VALID": 0,
        "total": 3477
    },
    "percentage": {
        "ACTIVE": 99.8561978717285,
        "INACTIVE": 0.1574307304785894,
        "INVALID": 0,
        "MALICIOUS": 0,
        "SANE": 0,
        "VALID": 0,
        "total": 100.01362860220709
    }
}