{
    "counter": {
        "ACTIVE": 1734,
        "INACTIVE": 13,
        "INVALID": 0,
        "MALICIOUS": 0,
        "SANE": 0,
        "VALID": 0,
        "total": 1747
    },
    "percentage": {
        "ACTIVE": 99.25586720091586,
        "INACTIVE": 1.6229712858926342,
        "INVALID": 0,
        "MALICIOUS": 0,
        "SANE": 0,
        "VALID": 0,
        "total": 100.87883848680849
    }
}