{
    "counter": {
        "ACTIVE": 2544,
        "INACTIVE": 10,
        "INVALID": 0,
        "MALICIOUS": 0,
        "SANE": 0,
        "VALID": 0,
        "total": 2554
    },
    "percentage": {
        "ACTIVE": 99.60845732184808,
        "INACTIVE": 0.40749796251018744,
        "INVALID": 0,
        "MALICIOUS": 0,
        "SANE": 0,
        "VALID": 0,
        "total": 100.01595528435827
    }
}