{
    "counter": {
        "ACTIVE": 2804,
        "INACTIVE": 6,
        "INVALID": 0,
        "MALICIOUS": 0,
        "SANE": 0,
        "VALID": 0,
        "total": 2810
    },
    "percentage": {
        "ACTIVE": 99.7864768683274,
        "INACTIVE": 0.23076923076923078,
        "INVALID": 0,
        "MALICIOUS": 0,
        "SANE": 0,
        "VALID": 0,
        "total": 100.01724609909662
    }
}