{
    "counter": {
        "ACTIVE": 1462,
        "INACTIVE": 14,
        "INVALID": 0,
        "MALICIOUS": 0,
        "SANE": 0,
        "VALID": 0,
        "total": 1476
    },
    "percentage": {
        "ACTIVE": 99.05149051490515,
        "INACTIVE": 1.1484823625922889,
        "INVALID": 0,
        "MALICIOUS": 0,
        "SANE": 0,
        "VALID": 0,
        "total": 100.19997287749744
    }
}