{
    "counter": {
        "ACTIVE": 388,
        "INACTIVE": 5,
        "INVALID": 0,
        "MALICIOUS": 0,
        "SANE": 0,
        "VALID": 0,
        "total": 393
    },
    "percentage": {
        "ACTIVE": 98.72773536895674,
        "INACTIVE": 1.358695652173913,
        "INVALID": 0,
        "MALICIOUS": 0,
        "SANE": 0,
        "VALID": 0,
        "total": 100.08643102113065
    }
}