{
    "counter": {
        "ACTIVE": 727,
        "INACTIVE": 7,
        "INVALID": 0,
        "MALICIOUS": 0,
        "SANE": 0,
        "VALID": 0,
        "total": 734
    },
    "percentage": {
        "ACTIVE": 99.04632152588556,
        "INACTIVE": 1.2544802867383513,
        "INVALID": 0,
        "MALICIOUS": 0,
        "SANE": 0,
        "VALID": 0,
        "total": 100.30080181262392
    }
}