{
    "counter": {
        "ACTIVE": 2668,
        "INACTIVE": 8,
        "INVALID": 0,
        "MALICIOUS": 0,
        "SANE": 0,
        "VALID": 0,
        "total": 2676
    },
    "percentage": {
        "ACTIVE": 99.70104633781764,
        "INACTIVE": 0.3276003276003276,
        "INVALID": 0,
        "MALICIOUS": 0,
        "SANE": 0,
        "VALID": 0,
        "total": 100.02864666541797
    }
}