{
    "counter": {
        "ACTIVE": 1279,
        "INACTIVE": 12,
        "INVALID": 0,
        "MALICIOUS": 0,
        "SANE": 0,
        "VALID": 0,
        "total": 1291
    },
    "percentage": {
        "ACTIVE": 99.07048799380325,
        "INACTIVE": 1.7543859649122806,
        "INVALID": 0,
        "MALICIOUS": 0,
        "SANE": 0,
        "VALID": 0,
        "total": 100.82487395871553
    }
}