{
    "counter": {
        "ACTIVE": 1663,
        "INACTIVE": 13,
        "INVALID": 0,
        "MALICIOUS": 0,
        "SANE": 0,
        "VALID": 0,
        "total": 1676
    },
    "percentage": {
        "ACTIVE": 99.22434367541766,
        "INACTIVE": 0.8947006194081212,
        "INVALID": 0,
        "MALICIOUS": 0,
        "SANE": 0,
        "VALID": 0,
        "total": 100.11904429482578
    }
}