{
    "counter": {
        "ACTIVE": 3045,
        "INACTIVE": 11,
        "INVALID": 0,
        "MALICIOUS": 0,
        "SANE": 0,
        "VALID": 0,
        "total": 3056
    },
    "percentage": {
        "ACTIVE": 99.64005235602095,
        "INACTIVE": 0.46808510638297873,
        "INVALID": 0,
        "MALICIOUS": 0,
        "SANE": 0,
        "VALID": 0,
        "total": 100.10813746240392
    }
}