{
    "counter": {
        "ACTIVE": 435,
        "INACTIVE": 8,
        "INVALID": 0,
        "MALICIOUS": 0,
        "SANE": 0,
        "VALID": 0,
        "total": 443
    },
    "percentage": {
        "ACTIVE": 98.1941309255079,
        "INACTIVE": 1.82648401826484,
        "INVALID": 0,
        "MALICIOUS": 0,
        "SANE": 0,
        "VALID": 0,
        "total": 100.02061494377274
    }
}