{
    "counter": {
        "ACTIVE": 702,
        "INACTIVE": 1,
        "INVALID": 0,
        "MALICIOUS": 0,
        "SANE": 0,
        "VALID": 0,
        "total": 703
    },
    "percentage": {
        "ACTIVE": 99.85775248933143,
        "INACTIVE": 0.1694915254237288,
        "INVALID": 0,
        "MALICIOUS": 0,
        "SANE": 0,
        "VALID": 0,
        "total": 100.02724401475515
    }
}