{
    "counter": {
        "ACTIVE": 3439,
        "INACTIVE": 15,
        "INVALID": 0,
        "MALICIOUS": 0,
        "SANE": 0,
        "VALID": 0,
        "total": 3454
    },
    "percentage": {
        "ACTIVE": 99.56572090330052,
        "INACTIVE": 0.4396248534583822,
        "INVALID": 0,
        "MALICIOUS": 0,
        "SANE": 0,
        "VALID": 0,
        "total": 100.0053457567589
    }
}