{
    "counter": {
        "ACTIVE": 3516,
        "INACTIVE": 9,
        "INVALID": 0,
        "MALICIOUS": 0,
        "SANE": 0,
        "VALID": 0,
        "total": 3525
    },
    "percentage": {
        "ACTIVE": 99.74468085106383,
        "INACTIVE": 0.42213883677298314,
        "INVALID": 0,
        "MALICIOUS": 0,
        "SANE": 0,
        "VALID": 0,
        "total": 100.16681968783682
    }
}