{
    "counter": {
        "ACTIVE": 1440,
        "INACTIVE": 4,
        "INVALID": 0,
        "MALICIOUS": 0,
        "SANE": 0,
        "VALID": 0,
        "total": 1444
    },
    "percentage": {
        "ACTIVE": 99.7229916897507,
        "INACTIVE": 0.3427592116538132,
        "INVALID": 0,
        "MALICIOUS": 0,
        "SANE": 0,
        "VALID": 0,
        "total": 100.06575090140451
    }
}