{
    "counter": {
        "ACTIVE": 1788,
        "INACTIVE": 17,
        "INVALID": 0,
        "MALICIOUS": 0,
        "SANE": 0,
        "VALID": 0,
        "total": 1805
    },
    "percentage": {
        "ACTIVE": 99.05817174515235,
        "INACTIVE": 1.039119804400978,
        "INVALID": 0,
        "MALICIOUS": 0,
        "SANE": 0,
        "VALID": 0,
        "total": 100.09729154955333
    }
}