{
    "counter": {
        "ACTIVE": 782,
        "INACTIVE": 5,
        "INVALID": 0,
        "MALICIOUS": 0,
        "SANE": 0,
        "VALID": 0,
        "total": 787
    },
    "percentage": {
        "ACTIVE": 99.36467598475222,
        "INACTIVE": 0.7936507936507936,
        "INVALID": 0,
        "MALICIOUS": 0,
        "SANE": 0,
        "VALID": 0,
        "total": 100.15832677840302
    }
}