{
    "counter": {
        "ACTIVE": 2567,
        "INACTIVE": 3,
        "INVALID": 0,
        "MALICIOUS": 0,
        "SANE": 0,
        "VALID": 0,
        "total": 2570
    },
    "percentage": {
        "ACTIVE": 99.88326848249027,
        "INACTIVE": 0.5309734513274337,
        "INVALID": 0,
        "MALICIOUS": 0,
        "SANE": 0,
        "VALID": 0,
        "total": 100.4142419338177
    }
}