{
    "counter": {
        "ACTIVE": 3587,
        "INACTIVE": 9,
        "INVALID": 0,
        "MALICIOUS": 0,
        "SANE": 0,
        "VALID": 0,
        "total": 3596
    },
    "percentage": {
        "ACTIVE": 99.74972191323693,
        "INACTIVE": 0.276327909118821,
        "INVALID": 0,
        "MALICIOUS": 0,
        "SANE": 0,
        "VALID": 0,
        "total": 100.02604982235574
    }
}