{
    "counter": {
        "ACTIVE": 3214,
        "INACTIVE": 20,
        "INVALID": 0,
        "MALICIOUS": 0,
        "SANE": 0,
        "VALID": 0,
        "total": 3234
    },
    "percentage": {
        "ACTIVE": 99.38157081014224,
        "INACTIVE": 0.6299212598425197,
        "INVALID": 0,
        "MALICIOUS": 0,
        "SANE": 0,
        "VALID": 0,
        "total": 100.01149206998475
    }
}