{
    "counter": {
        "ACTIVE": 710,
        "INACTIVE": 12,
        "INVALID": 0,
        "MALICIOUS": 0,
        "SANE": 0,
        "VALID": 0,
        "total": 722
    },
    "percentage": {
        "ACTIVE": 98.33795013850416,
        "INACTIVE": 1.7045454545454546,
        "INVALID": 0,
        "MALICIOUS": 0,
        "SANE": 0,
        "VALID": 0,
        "total": 100.04249559304961
    }
}