{
    "counter": {
        "ACTIVE": 1764,
        "INACTIVE": 3,
        "INVALID": 0,
        "MALICIOUS": 0,
        "SANE": 0,
        "VALID": 0,
        "total": 1767
    },
    "percentage": {
        "ACTIVE": 99.830220713073,
        "INACTIVE": 0.4909983633387889,
        "INVALID": 0,
        "MALICIOUS": 0,
        "SANE": 0,
        "VALID": 0,
        "total": 100.3212190764118
    }
}