{
    "counter": {
        "ACTIVE": 2409,
        "INACTIVE": 8,
        "INVALID": 0,
        "MALICIOUS": 0,
        "SANE": 0,
        "VALID": 0,
        "total": 2417
    },
    "percentage": {
        "ACTIVE": 99.66901117087298,
        "INACTIVE": 0.35938903863432164,
        "INVALID": 0,
        "MALICIOUS": 0,
        "SANE": 0,
        "VALID": 0,
        "total": 100.0284002095073
    }
}