{
    "counter": {
        "ACTIVE": 1174,
        "INACTIVE": 11,
        "INVALID": 0,
        "MALICIOUS": 0,
        "SANE": 0,
        "VALID": 0,
        "total": 1185
    },
    "percentage": {
        "ACTIVE": 99.07172995780591,
        "INACTIVE": 0.975177304964539,
        "INVALID": 0,
        "MALICIOUS": 0,
        "SANE": 0,
        "VALID": 0,
        "total": 100.04690726277045
    }
}