{
    "counter": {
        "ACTIVE": 919,
        "INACTIVE": 10,
        "INVALID": 0,
        "MALICIOUS": 0,
        "SANE": 0,
        "VALID": 0,
        "total": 929
    },
    "percentage": {
        "ACTIVE": 98.92357373519914,
        "INACTIVE": 1.1111111111111112,
        "INVALID": 0,
        "MALICIOUS": 0,
        "SANE": 0,
        "VALID": 0,
        "total": 100.03468484631026
    }
}