{
    "counter": {
        "ACTIVE": 570,
        "INACTIVE": 2,
        "INVALID": 0,
        "MALICIOUS": 0,
        "SANE": 0,
        "VALID": 0,
        "total": 572
    },
    "percentage": {
        "ACTIVE": 99.65034965034965,
        "INACTIVE": 0.35714285714285715,
        "INVALID": 0,
        "MALICIOUS": 0,
        "SANE": 0,
        "VALID": 0,
        "total": 100.00749250749251
    }
}