{
    "counter": {
        "ACTIVE": 3592,
        "INACTIVE": 10,
        "INVALID": 0,
        "MALICIOUS": 0,
        "SANE": 0,
        "VALID": 0,
        "total": 3602
    },
    "percentage": {
        "ACTIVE": 99.7223764575236,
        "INACTIVE": 0.30883261272390367,
        "INVALID": 0,
        "MALICIOUS": 0,
        "SANE": 0,
        "VALID": 0,
        "total": 100.0312090702475
    }
}