{
    "counter": {
        "ACTIVE": 3102,
        "INACTIVE": 5,
        "INVALID": 0,
        "MALICIOUS": 0,
        "SANE": 0,
        "VALID": 0,
        "total": 3107
    },
    "percentage": {
        "ACTIVE": 99.83907306083039,
        "INACTIVE": 0.8880994671403197,
        "INVALID": 0,
        "MALICIOUS": 0,
        "SANE": 0,
        "VALID": 0,
        "total": 100.72717252797071
    }
}