{
    "counter": {
        "ACTIVE": 3555,
        "INACTIVE": 1,
        "INVALID": 0,
        "MALICIOUS": 0,
        "SANE": 0,
        "VALID": 0,
        "total": 3556
    },
    "percentage": {
        "ACTIVE": 99.97187851518561,
        "INACTIVE": 0.25380710659898476,
        "INVALID": 0,
        "MALICIOUS": 0,
        "SANE": 0,
        "VALID": 0,
        "total": 100.22568562178459
    }
}