{
    "counter": {
        "ACTIVE": 3469,
        "INACTIVE": 9,
        "INVALID": 0,
        "MALICIOUS": 0,
        "SANE": 0,
        "VALID": 0,
        "total": 3478
    },
    "percentage": {
        "ACTIVE": 99.74123059229443,
        "INACTIVE": 0.2819548872180451,
        "INVALID": 0,
        "MALICIOUS": 0,
        "SANE": 0,
        "VALID": 0,
        "total": 100.02318547951248
    }
}