{
    "counter": {
        "ACTIVE": 2340,
        "INACTIVE": 9,
        "INVALID": 0,
        "MALICIOUS": 0,
        "SANE": 0,
        "VALID": 0,
        "total": 2349
    },
    "percentage": {
        "ACTIVE": 99.61685823754789,
        "INACTIVE": 0.4092769440654843,
        "INVALID": 0,
        "MALICIOUS": 0,
        "SANE": 0,
        "VALID": 0,
        "total": 100.02613518161337
    }
}