{
    "counter": {
        "ACTIVE": 2961,
        "INACTIVE": 12,
        "INVALID": 0,
        "MALICIOUS": 0,
        "SANE": 0,
        "VALID": 0,
        "total": 2973
    },
    "percentage": {
        "ACTIVE": 99.59636730575177,
        "INACTIVE": 0.4588910133843212,
        "INVALID": 0,
        "MALICIOUS": 0,
        "SANE": 0,
        "VALID": 0,
        "total": 100.05525831913609
    }
}