{
    "counter": {
        "ACTIVE": 3574,
        "INACTIVE": 6,
        "INVALID": 0,
        "MALICIOUS": 0,
        "SANE": 0,
        "VALID": 0,
        "total": 3580
    },
    "percentage": {
        "ACTIVE": 99.83240223463687,
        "INACTIVE": 0.17286084701815038,
        "INVALID": 0,
        "MALICIOUS": 0,
        "SANE": 0,
        "VALID": 0,
        "total": 100.00526308165503
    }
}