{
    "counter": {
        "ACTIVE": 1771,
        "INACTIVE": 12,
        "INVALID": 0,
        "MALICIOUS": 0,
        "SANE": 0,
        "VALID": 0,
        "total": 1783
    },
    "percentage": {
        "ACTIVE": 99.32697700504767,
        "INACTIVE": 0.7439553626782393,
        "INVALID": 0,
        "MALICIOUS": 0,
        "SANE": 0,
        "VALID": 0,
        "total": 100.0709323677259
    }
}