{
    "counter": {
        "ACTIVE": 3412,
        "INACTIVE": 21,
        "INVALID": 0,
        "MALICIOUS": 0,
        "SANE": 0,
        "VALID": 0,
        "total": 3433
    },
    "percentage": {
        "ACTIVE": 99.38829012525488,
        "INACTIVE": 0.6194690265486725,
        "INVALID": 0,
        "MALICIOUS": 0,
        "SANE": 0,
        "VALID": 0,
        "total": 100.00775915180355
    }
}