{
    "counter": {
        "ACTIVE": 3061,
        "INACTIVE": 17,
        "INVALID": 0,
        "MALICIOUS": 0,
        "SANE": 0,
        "VALID": 0,
        "total": 3078
    },
    "percentage": {
        "ACTIVE": 99.44769330734243,
        "INACTIVE": 0.5586592178770949,
        "INVALID": 0,
        "MALICIOUS": 0,
        "SANE": 0,
        "VALID": 0,
        "total": 100.00635252521953
    }
}