{
    "counter": {
        "ACTIVE": 1625,
        "INACTIVE": 5,
        "INVALID": 0,
        "MALICIOUS": 0,
        "SANE": 0,
        "VALID": 0,
        "total": 1630
    },
    "percentage": {
        "ACTIVE": 99.69325153374233,
        "INACTIVE": 0.8880994671403197,
        "INVALID": 0,
        "MALICIOUS": 0,
        "SANE": 0,
        "VALID": 0,
        "total": 100.58135100088265
    }
}