{
    "counter": {
        "ACTIVE": 225,
        "INACTIVE": 2,
        "INVALID": 0,
        "MALICIOUS": 0,
        "SANE": 0,
        "VALID": 0,
        "total": 227
    },
    "percentage": {
        "ACTIVE": 99.11894273127753,
        "INACTIVE": 1.4492753623188406,
        "INVALID": 0,
        "MALICIOUS": 0,
        "SANE": 0,
        "VALID": 0,
        "total": 100.56821809359637
    }
}