{
    "counter": {
        "ACTIVE": 531,
        "INACTIVE": 6,
        "INVALID": 0,
        "MALICIOUS": 0,
        "SANE": 0,
        "VALID": 0,
        "total": 537
    },
    "percentage": {
        "ACTIVE": 98.88268156424581,
        "INACTIVE": 1.1538461538461537,
        "INVALID": 0,
        "MALICIOUS": 0,
        "SANE": 0,
        "VALID": 0,
        "total": 100.03652771809197
    }
}