{
    "counter": {
        "ACTIVE": 3240,
        "INACTIVE": 10,
        "INVALID": 0,
        "MALICIOUS": 0,
        "SANE": 0,
        "VALID": 0,
        "total": 3250
    },
    "percentage": {
        "ACTIVE": 99.6923076923077,
        "INACTIVE": 0.31565656565656564,
        "INVALID": 0,
        "MALICIOUS": 0,
        "SANE": 0,
        "VALID": 0,
        "total": 100.00796425796426
    }
}