{
    "counter": {
        "ACTIVE": 952,
        "INACTIVE": 4,
        "INVALID": 0,
        "MALICIOUS": 0,
        "SANE": 0,
        "VALID": 0,
        "total": 956
    },
    "percentage": {
        "ACTIVE": 99.581589958159,
        "INACTIVE": 0.7104795737122558,
        "INVALID": 0,
        "MALICIOUS": 0,
        "SANE": 0,
        "VALID": 0,
        "total": 100.29206953187125
    }
}