{
    "counter": {
        "ACTIVE": 160,
        "INACTIVE": 1,
        "INVALID": 0,
        "MALICIOUS": 0,
        "SANE": 0,
        "VALID": 0,
        "total": 161
    },
    "percentage": {
        "ACTIVE": 99.37888198757764,
        "INACTIVE": 2.2222222222222223,
        "INVALID": 0,
        "MALICIOUS": 0,
        "SANE": 0,
        "VALID": 0,
        "total": 101.60110420979987
    }
}