{
    "counter": {
        "ACTIVE": 1145,
        "INACTIVE": 14,
        "INVALID": 0,
        "MALICIOUS": 0,
        "SANE": 0,
        "VALID": 0,
        "total": 1159
    },
    "percentage": {
        "ACTIVE": 98.79206212251941,
        "INACTIVE": 1.3270142180094786,
        "INVALID": 0,
        "MALICIOUS": 0,
        "SANE": 0,
        "VALID": 0,
        "total": 100.11907634052889
    }
}