{
    "counter": {
        "ACTIVE": 2900,
        "INACTIVE": 19,
        "INVALID": 0,
        "MALICIOUS": 0,
        "SANE": 0,
        "VALID": 0,
        "total": 2919
    },
    "percentage": {
        "ACTIVE": 99.34909215484755,
        "INACTIVE": 0.75069142631371,
        "INVALID": 0,
        "MALICIOUS": 0,
        "SANE": 0,
        "VALID": 0,
        "total": 100.09978358116126
    }
}