{
    "counter": {
        "ACTIVE": 2073,
        "INACTIVE": 7,
        "INVALID": 0,
        "MALICIOUS": 0,
        "SANE": 0,
        "VALID": 0,
        "total": 2080
    },
    "percentage": {
        "ACTIVE": 99.66346153846153,
        "INACTIVE": 0.642791551882461,
        "INVALID": 0,
        "MALICIOUS": 0,
        "SANE": 0,
        "VALID": 0,
        "total": 100.306253090344
    }
}