{
    "counter": {
        "ACTIVE": 3153,
        "INACTIVE": 10,
        "INVALID": 0,
        "MALICIOUS": 0,
        "SANE": 0,
        "VALID": 0,
        "total": 3163
    },
    "percentage": {
        "ACTIVE": 99.68384445147012,
        "INACTIVE": 0.32123353678123995,
        "INVALID": 0,
        "MALICIOUS": 0,
        "SANE": 0,
        "VALID": 0,
        "total": 100.00507798825136
    }
}