{
    "counter": {
        "ACTIVE": 1179,
        "INACTIVE": 5,
        "INVALID": 0,
        "MALICIOUS": 0,
        "SANE": 0,
        "VALID": 0,
        "total": 1184
    },
    "percentage": {
        "ACTIVE": 99.57770270270271,
        "INACTIVE": 0.7633587786259542,
        "INVALID": 0,
        "MALICIOUS": 0,
        "SANE": 0,
        "VALID": 0,
        "total": 100.34106148132867
    }
}