{
    "counter": {
        "ACTIVE": 1494,
        "INACTIVE": 9,
        "INVALID": 0,
        "MALICIOUS": 0,
        "SANE": 0,
        "VALID": 0,
        "total": 1503
    },
    "percentage": {
        "ACTIVE": 99.40119760479043,
        "INACTIVE": 0.6373937677053825,
        "INVALID": 0,
        "MALICIOUS": 0,
        "SANE": 0,
        "VALID": 0,
        "total": 100.0385913724958
    }
}