{
    "counter": {
        "ACTIVE": 3151,
        "INACTIVE": 15,
        "INVALID": 0,
        "MALICIOUS": 0,
        "SANE": 0,
        "VALID": 0,
        "total": 3166
    },
    "percentage": {
        "ACTIVE": 99.52621604548327,
        "INACTIVE": 0.4826254826254826,
        "INVALID": 0,
        "MALICIOUS": 0,
        "SANE": 0,
        "VALID": 0,
        "total": 100.00884152810875
    }
}