{
    "counter": {
        "ACTIVE": 1483,
        "INACTIVE": 13,
        "INVALID": 0,
        "MALICIOUS": 0,
        "SANE": 0,
        "VALID": 0,
        "total": 1496
    },
    "percentage": {
        "ACTIVE": 99.13101604278074,
        "INACTIVE": 1.024428684003152,
        "INVALID": 0,
        "MALICIOUS": 0,
        "SANE": 0,
        "VALID": 0,
        "total": 100.1554447267839
    }
}