{
    "counter": {
        "ACTIVE": 2885,
        "INACTIVE": 7,
        "INVALID": 0,
        "MALICIOUS": 0,
        "SANE": 0,
        "VALID": 0,
        "total": 2892
    },
    "percentage": {
        "ACTIVE": 99.7579529737206,
        "INACTIVE": 0.28536485935589073,
        "INVALID": 0,
        "MALICIOUS": 0,
        "SANE": 0,
        "VALID": 0,
        "total": 100.0433178330765
    }
}