{
    "counter": {
        "ACTIVE": 2462,
        "INACTIVE": 13,
        "INVALID": 0,
        "MALICIOUS": 0,
        "SANE": 0,
        "VALID": 0,
        "total": 2475
    },
    "percentage": {
        "ACTIVE": 99.47474747474747,
        "INACTIVE": 0.6656426011264721,
        "INVALID": 0,
        "MALICIOUS": 0,
        "SANE": 0,
        "VALID": 0,
        "total": 100.14039007587395
    }
}