{
    "counter": {
        "ACTIVE": 1877,
        "INACTIVE": 7,
        "INVALID": 0,
        "MALICIOUS": 0,
        "SANE": 0,
        "VALID": 0,
        "total": 1884
    },
    "percentage": {
        "ACTIVE": 99.62845010615712,
        "INACTIVE": 0.4117647058823529,
        "INVALID": 0,
        "MALICIOUS": 0,
        "SANE": 0,
        "VALID": 0,
        "total": 100.04021481203947
    }
}