{
    "counter": {
        "ACTIVE": 3401,
        "INACTIVE": 1,
        "INVALID": 0,
        "MALICIOUS": 0,
        "SANE": 0,
        "VALID": 0,
        "total": 3402
    },
    "percentage": {
        "ACTIVE": 99.97060552616108,
        "INACTIVE": 0.0335795836131632,
        "INVALID": 0,
        "MALICIOUS": 0,
        "SANE": 0,
        "VALID": 0,
        "total": 100.00418510977424
    }
}