{
    "counter": {
        "ACTIVE": 2169,
        "INACTIVE": 5,
        "INVALID": 0,
        "MALICIOUS": 0,
        "SANE": 0,
        "VALID": 0,
        "total": 2174
    },
    "percentage": {
        "ACTIVE": 99.77000919963201,
        "INACTIVE": 0.6157635467980296,
        "INVALID": 0,
        "MALICIOUS": 0,
        "SANE": 0,
        "VALID": 0,
        "total": 100.38577274643005
    }
}