{
    "counter": {
        "ACTIVE": 617,
        "INACTIVE": 13,
        "INVALID": 0,
        "MALICIOUS": 0,
        "SANE": 0,
        "VALID": 0,
        "total": 630
    },
    "percentage": {
        "ACTIVE": 97.93650793650794,
        "INACTIVE": 2.2491349480968856,
        "INVALID": 0,
        "MALICIOUS": 0,
        "SANE": 0,
        "VALID": 0,
        "total": 100.18564288460482
    }
}