{
    "counter": {
        "ACTIVE": 612,
        "INACTIVE": 3,
        "INVALID": 0,
        "MALICIOUS": 0,
        "SANE": 0,
        "VALID": 0,
        "total": 615
    },
    "percentage": {
        "ACTIVE": 99.51219512195122,
        "INACTIVE": 0.5802707930367504,
        "INVALID": 0,
        "MALICIOUS": 0,
        "SANE": 0,
        "VALID": 0,
        "total": 100.09246591498797
    }
}