{
    "counter": {
        "ACTIVE": 402,
        "INACTIVE": 5,
        "INVALID": 0,
        "MALICIOUS": 0,
        "SANE": 0,
        "VALID": 0,
        "total": 407
    },
    "percentage": {
        "ACTIVE": 98.77149877149877,
        "INACTIVE": 1.366120218579235,
        "INVALID": 0,
        "MALICIOUS": 0,
        "SANE": 0,
        "VALID": 0,
        "total": 100.13761899007801
    }
}