{
    "counter": {
        "ACTIVE": 3528,
        "INACTIVE": 10,
        "INVALID": 0,
        "MALICIOUS": 0,
        "SANE": 0,
        "VALID": 0,
        "total": 3538
    },
    "percentage": {
        "ACTIVE": 99.71735443753533,
        "INACTIVE": 0.3248862897985705,
        "INVALID": 0,
        "MALICIOUS": 0,
        "SANE": 0,
        "VALID": 0,
        "total": 100.0422407273339
    }
}