{
    "counter": {
        "ACTIVE": 2996,
        "INACTIVE": 13,
        "INVALID": 0,
        "MALICIOUS": 0,
        "SANE": 0,
        "VALID": 0,
        "total": 3009
    },
    "percentage": {
        "ACTIVE": 99.56796277833168,
        "INACTIVE": 0.46214006398862423,
        "INVALID": 0,
        "MALICIOUS": 0,
        "SANE": 0,
        "VALID": 0,
        "total": 100.0301028423203
    }
}