{
    "counter": {
        "ACTIVE": 966,
        "INACTIVE": 11,
        "INVALID": 0,
        "MALICIOUS": 0,
        "SANE": 0,
        "VALID": 0,
        "total": 977
    },
    "percentage": {
        "ACTIVE": 98.87410440122825,
        "INACTIVE": 1.8092105263157894,
        "INVALID": 0,
        "MALICIOUS": 0,
        "SANE": 0,
        "VALID": 0,
        "total": 100.68331492754405
    }
}