{
    "counter": {
        "ACTIVE": 1291,
        "INACTIVE": 5,
        "INVALID": 0,
        "MALICIOUS": 0,
        "SANE": 0,
        "VALID": 0,
        "total": 1296
    },
    "percentage": {
        "ACTIVE": 99.6141975308642,
        "INACTIVE": 0.7621951219512195,
        "INVALID": 0,
        "MALICIOUS": 0,
        "SANE": 0,
        "VALID": 0,
        "total": 100.37639265281543
    }
}