{
    "counter": {
        "ACTIVE": 1495,
        "INACTIVE": 10,
        "INVALID": 0,
        "MALICIOUS": 0,
        "SANE": 0,
        "VALID": 0,
        "total": 1505
    },
    "percentage": {
        "ACTIVE": 99.33554817275747,
        "INACTIVE": 0.9624639076034649,
        "INVALID": 0,
        "MALICIOUS": 0,
        "SANE": 0,
        "VALID": 0,
        "total": 100.29801208036093
    }
}