{
    "counter": {
        "ACTIVE": 682,
        "INACTIVE": 7,
        "INVALID": 0,
        "MALICIOUS": 0,
        "SANE": 0,
        "VALID": 0,
        "total": 689
    },
    "percentage": {
        "ACTIVE": 98.98403483309144,
        "INACTIVE": 1.4644351464435146,
        "INVALID": 0,
        "MALICIOUS": 0,
        "SANE": 0,
        "VALID": 0,
        "total": 100.44846997953496
    }
}