{
    "counter": {
        "ACTIVE": 2665,
        "INACTIVE": 19,
        "INVALID": 0,
        "MALICIOUS": 0,
        "SANE": 0,
        "VALID": 0,
        "total": 2684
    },
    "percentage": {
        "ACTIVE": 99.29210134128166,
        "INACTIVE": 0.8047437526471835,
        "INVALID": 0,
        "MALICIOUS": 0,
        "SANE": 0,
        "VALID": 0,
        "total": 100.09684509392885
    }
}