{
    "counter": {
        "ACTIVE": 330,
        "INACTIVE": 2,
        "INVALID": 0,
        "MALICIOUS": 0,
        "SANE": 0,
        "VALID": 0,
        "total": 332
    },
    "percentage": {
        "ACTIVE": 99.39759036144578,
        "INACTIVE": 1.2269938650306749,
        "INVALID": 0,
        "MALICIOUS": 0,
        "SANE": 0,
        "VALID": 0,
        "total": 100.62458422647646
    }
}