{
    "counter": {
        "ACTIVE": 2940,
        "INACTIVE": 16,
        "INVALID": 0,
        "MALICIOUS": 0,
        "SANE": 0,
        "VALID": 0,
        "total": 2956
    },
    "percentage": {
        "ACTIVE": 99.45872801082544,
        "INACTIVE": 0.5880191106210951,
        "INVALID": 0,
        "MALICIOUS": 0,
        "SANE": 0,
        "VALID": 0,
        "total": 100.04674712144653
    }
}