{
    "counter": {
        "ACTIVE": 3472,
        "INACTIVE": 14,
        "INVALID": 0,
        "MALICIOUS": 0,
        "SANE": 0,
        "VALID": 0,
        "total": 3486
    },
    "percentage": {
        "ACTIVE": 99.59839357429719,
        "INACTIVE": 0.43873393920401127,
        "INVALID": 0,
        "MALICIOUS": 0,
        "SANE": 0,
        "VALID": 0,
        "total": 100.0371275135012
    }
}