{
    "counter": {
        "ACTIVE": 2145,
        "INACTIVE": 6,
        "INVALID": 0,
        "MALICIOUS": 0,
        "SANE": 0,
        "VALID": 0,
        "total": 2151
    },
    "percentage": {
        "ACTIVE": 99.72105997210599,
        "INACTIVE": 0.28873917228103946,
        "INVALID": 0,
        "MALICIOUS": 0,
        "SANE": 0,
        "VALID": 0,
        "total": 100.00979914438703
    }
}