{
    "counter": {
        "ACTIVE": 3108,
        "INACTIVE": 10,
        "INVALID": 0,
        "MALICIOUS": 0,
        "SANE": 0,
        "VALID": 0,
        "total": 3118
    },
    "percentage": {
        "ACTIVE": 99.67928159076331,
        "INACTIVE": 0.40080160320641284,
        "INVALID": 0,
        "MALICIOUS": 0,
        "SANE": 0,
        "VALID": 0,
        "total": 100.08008319396973
    }
}