{
    "counter": {
        "ACTIVE": 2995,
        "INACTIVE": 11,
        "INVALID": 0,
        "MALICIOUS": 0,
        "SANE": 0,
        "VALID": 0,
        "total": 3006
    },
    "percentage": {
        "ACTIVE": 99.63406520292747,
        "INACTIVE": 0.9717314487632509,
        "INVALID": 0,
        "MALICIOUS": 0,
        "SANE": 0,
        "VALID": 0,
        "total": 100.60579665169072
    }
}