{
    "counter": {
        "ACTIVE": 2946,
        "INACTIVE": 20,
        "INVALID": 0,
        "MALICIOUS": 0,
        "SANE": 0,
        "VALID": 0,
        "total": 2966
    },
    "percentage": {
        "ACTIVE": 99.32569116655428,
        "INACTIVE": 0.7328691828508611,
        "INVALID": 0,
        "MALICIOUS": 0,
        "SANE": 0,
        "VALID": 0,
        "total": 100.05856034940514
    }
}