{
    "counter": {
        "ACTIVE": 3325,
        "INACTIVE": 1,
        "INVALID": 0,
        "MALICIOUS": 0,
        "SANE": 0,
        "VALID": 0,
        "total": 3326
    },
    "percentage": {
        "ACTIVE": 99.96993385447986,
        "INACTIVE": 0.24096385542168675,
        "INVALID": 0,
        "MALICIOUS": 0,
        "SANE": 0,
        "VALID": 0,
        "total": 100.21089770990154
    }
}