{
    "counter": {
        "ACTIVE": 2342,
        "INACTIVE": 11,
        "INVALID": 0,
        "MALICIOUS": 0,
        "SANE": 0,
        "VALID": 0,
        "total": 2353
    },
    "percentage": {
        "ACTIVE": 99.53251168720782,
        "INACTIVE": 0.5015959872321022,
        "INVALID": 0,
        "MALICIOUS": 0,
        "SANE": 0,
        "VALID": 0,
        "total": 100.03410767443992
    }
}