{
    "counter": {
        "ACTIVE": 3675,
        "INACTIVE": 1,
        "INVALID": 0,
        "MALICIOUS": 0,
        "SANE": 0,
        "VALID": 0,
        "total": 3676
    },
    "percentage": {
        "ACTIVE": 99.9727965179543,
        "INACTIVE": 0.09652509652509653,
        "INVALID": 0,
        "MALICIOUS": 0,
        "SANE": 0,
        "VALID": 0,
        "total": 100.06932161447939
    }
}