{
    "counter": {
        "ACTIVE": 1040,
        "INACTIVE": 3,
        "INVALID": 0,
        "MALICIOUS": 0,
        "SANE": 0,
        "VALID": 0,
        "total": 1043
    },
    "percentage": {
        "ACTIVE": 99.712368168744,
        "INACTIVE": 0.37831021437578816,
        "INVALID": 0,
        "MALICIOUS": 0,
        "SANE": 0,
        "VALID": 0,
        "total": 100.0906783831198
    }
}