{
    "counter": {
        "ACTIVE": 1912,
        "INACTIVE": 10,
        "INVALID": 0,
        "MALICIOUS": 0,
        "SANE": 0,
        "VALID": 0,
        "total": 1922
    },
    "percentage": {
        "ACTIVE": 99.47970863683663,
        "INACTIVE": 0.9389671361502347,
        "INVALID": 0,
        "MALICIOUS": 0,
        "SANE": 0,
        "VALID": 0,
        "total": 100.41867577298687
    }
}