{
    "counter": {
        "ACTIVE": 961,
        "INACTIVE": 9,
        "INVALID": 0,
        "MALICIOUS": 0,
        "SANE": 0,
        "VALID": 0,
        "total": 970
    },
    "percentage": {
        "ACTIVE": 99.0721649484536,
        "INACTIVE": 1.0089686098654709,
        "INVALID": 0,
        "MALICIOUS": 0,
        "SANE": 0,
        "VALID": 0,
        "total": 100.08113355831908
    }
}