{
    "counter": {
        "ACTIVE": 678,
        "INACTIVE": 12,
        "INVALID": 0,
        "MALICIOUS": 0,
        "SANE": 0,
        "VALID": 0,
        "total": 690
    },
    "percentage": {
        "ACTIVE": 98.26086956521739,
        "INACTIVE": 2.0725388601036268,
        "INVALID": 0,
        "MALICIOUS": 0,
        "SANE": 0,
        "VALID": 0,
        "total": 100.33340842532101
    }
}