{
    "counter": {
        "ACTIVE": 3057,
        "INACTIVE": 9,
        "INVALID": 0,
        "MALICIOUS": 0,
        "SANE": 0,
        "VALID": 0,
        "total": 3066
    },
    "percentage": {
        "ACTIVE": 99.706457925636,
        "INACTIVE": 0.29402156158118264,
        "INVALID": 0,
        "MALICIOUS": 0,
        "SANE": 0,
        "VALID": 0,
        "total": 100.00047948721719
    }
}