{
    "counter": {
        "ACTIVE": 1894,
        "INACTIVE": 3,
        "INVALID": 0,
        "MALICIOUS": 0,
        "SANE": 0,
        "VALID": 0,
        "total": 1897
    },
    "percentage": {
        "ACTIVE": 99.84185556141276,
        "INACTIVE": 0.1865671641791045,
        "INVALID": 0,
        "MALICIOUS": 0,
        "SANE": 0,
        "VALID": 0,
        "total": 100.02842272559187
    }
}