{
    "counter": {
        "ACTIVE": 2236,
        "INACTIVE": 13,
        "INVALID": 0,
        "MALICIOUS": 0,
        "SANE": 0,
        "VALID": 0,
        "total": 2249
    },
    "percentage": {
        "ACTIVE": 99.42196531791907,
        "INACTIVE": 0.6575619625695498,
        "INVALID": 0,
        "MALICIOUS": 0,
        "SANE": 0,
        "VALID": 0,
        "total": 100.07952728048862
    }
}