{
    "counter": {
        "ACTIVE": 2830,
        "INACTIVE": 13,
        "INVALID": 0,
        "MALICIOUS": 0,
        "SANE": 0,
        "VALID": 0,
        "total": 2843
    },
    "percentage": {
        "ACTIVE": 99.54273654590222,
        "INACTIVE": 0.5208333333333334,
        "INVALID": 0,
        "MALICIOUS": 0,
        "SANE": 0,
        "VALID": 0,
        "total": 100.06356987923554
    }
}