{
    "counter": {
        "ACTIVE": 487,
        "INACTIVE": 4,
        "INVALID": 0,
        "MALICIOUS": 0,
        "SANE": 0,
        "VALID": 0,
        "total": 491
    },
    "percentage": {
        "ACTIVE": 99.18533604887983,
        "INACTIVE": 0.8888888888888888,
        "INVALID": 0,
        "MALICIOUS": 0,
        "SANE": 0,
        "VALID": 0,
        "total": 100.07422493776872
    }
}