{
    "counter": {
        "ACTIVE": 994,
        "INACTIVE": 7,
        "INVALID": 0,
        "MALICIOUS": 0,
        "SANE": 0,
        "VALID": 0,
        "total": 1001
    },
    "percentage": {
        "ACTIVE": 99.3006993006993,
        "INACTIVE": 1.046337817638266,
        "INVALID": 0,
        "MALICIOUS": 0,
        "SANE": 0,
        "VALID": 0,
        "total": 100.34703711833757
    }
}