{
    "counter": {
        "ACTIVE": 879,
        "INACTIVE": 5,
        "INVALID": 0,
        "MALICIOUS": 0,
        "SANE": 0,
        "VALID": 0,
        "total": 884
    },
    "percentage": {
        "ACTIVE": 99.43438914027149,
        "INACTIVE": 0.8787346221441125,
        "INVALID": 0,
        "MALICIOUS": 0,
        "SANE": 0,
        "VALID": 0,
        "total": 100.3131237624156
    }
}