{
    "counter": {
        "ACTIVE": 1280,
        "INACTIVE": 15,
        "INVALID": 0,
        "MALICIOUS": 0,
        "SANE": 0,
        "VALID": 0,
        "total": 1295
    },
    "percentage": {
        "ACTIVE": 98.84169884169884,
        "INACTIVE": 1.4071294559099436,
        "INVALID": 0,
        "MALICIOUS": 0,
        "SANE": 0,
        "VALID": 0,
        "total": 100.24882829760878
    }
}