{
    "counter": {
        "ACTIVE": 3610,
        "INACTIVE": 9,
        "INVALID": 0,
        "MALICIOUS": 0,
        "SANE": 0,
        "VALID": 0,
        "total": 3619
    },
    "percentage": {
        "ACTIVE": 99.75131251726997,
        "INACTIVE": 0.2880921895006402,
        "INVALID": 0,
        "MALICIOUS": 0,
        "SANE": 0,
        "VALID": 0,
        "total": 100.03940470677061
    }
}