{
    "counter": {
        "ACTIVE": 1154,
        "INACTIVE": 11,
        "INVALID": 0,
        "MALICIOUS": 0,
        "SANE": 0,
        "VALID": 0,
        "total": 1165
    },
    "percentage": {
        "ACTIVE": 99.05579399141631,
        "INACTIVE": 0.9786476868327402,
        "INVALID": 0,
        "MALICIOUS": 0,
        "SANE": 0,
        "VALID": 0,
        "total": 100.03444167824905
    }
}