{
    "counter": {
        "ACTIVE": 2200,
        "INACTIVE": 8,
        "INVALID": 0,
        "MALICIOUS": 0,
        "SANE": 0,
        "VALID": 0,
        "total": 2208
    },
    "percentage": {
        "ACTIVE": 99.6376811594203,
        "INACTIVE": 0.49382716049382713,
        "INVALID": 0,
        "MALICIOUS": 0,
        "SANE": 0,
        "VALID": 0,
        "total": 100.13150831991412
    }
}