{
    "counter": {
        "ACTIVE": 3597,
        "INACTIVE": 10,
        "INVALID": 0,
        "MALICIOUS": 0,
        "SANE": 0,
        "VALID": 0,
        "total": 3607
    },
    "percentage": {
        "ACTIVE": 99.72276129747713,
        "INACTIVE": 0.3089280197713933,
        "INVALID": 0,
        "MALICIOUS": 0,
        "SANE": 0,
        "VALID": 0,
        "total": 100.03168931724852
    }
}