{
    "counter": {
        "ACTIVE": 987,
        "INACTIVE": 8,
        "INVALID": 0,
        "MALICIOUS": 0,
        "SANE": 0,
        "VALID": 0,
        "total": 995
    },
    "percentage": {
        "ACTIVE": 99.19597989949749,
        "INACTIVE": 1.5180265654648957,
        "INVALID": 0,
        "MALICIOUS": 0,
        "SANE": 0,
        "VALID": 0,
        "total": 100.71400646496238
    }
}