{
    "counter": {
        "ACTIVE": 233,
        "INACTIVE": 1,
        "INVALID": 0,
        "MALICIOUS": 0,
        "SANE": 0,
        "VALID": 0,
        "total": 234
    },
    "percentage": {
        "ACTIVE": 99.57264957264957,
        "INACTIVE": 0.7299270072992701,
        "INVALID": 0,
        "MALICIOUS": 0,
        "SANE": 0,
        "VALID": 0,
        "total": 100.30257657994883
    }
}