{
    "counter": {
        "ACTIVE": 2526,
        "INACTIVE": 17,
        "INVALID": 0,
        "MALICIOUS": 0,
        "SANE": 0,
        "VALID": 0,
        "total": 2543
    },
    "percentage": {
        "ACTIVE": 99.3314982304365,
        "INACTIVE": 0.8695652173913043,
        "INVALID": 0,
        "MALICIOUS": 0,
        "SANE": 0,
        "VALID": 0,
        "total": 100.20106344782779
    }
}