{
    "counter": {
        "ACTIVE": 3318,
        "INACTIVE": 12,
        "INVALID": 0,
        "MALICIOUS": 0,
        "SANE": 0,
        "VALID": 0,
        "total": 3330
    },
    "percentage": {
        "ACTIVE": 99.63963963963964,
        "INACTIVE": 0.37735849056603776,
        "INVALID": 0,
        "MALICIOUS": 0,
        "SANE": 0,
        "VALID": 0,
        "total": 100.01699813020568
    }
}