{
    "counter": {
        "ACTIVE": 1727,
        "INACTIVE": 4,
        "INVALID": 0,
        "MALICIOUS": 0,
        "SANE": 0,
        "VALID": 0,
        "total": 1731
    },
    "percentage": {
        "ACTIVE": 99.76891969959561,
        "INACTIVE": 0.5063291139240507,
        "INVALID": 0,
        "MALICIOUS": 0,
        "SANE": 0,
        "VALID": 0,
        "total": 100.27524881351967
    }
}