{
    "counter": {
        "ACTIVE": 2455,
        "INACTIVE": 16,
        "INVALID": 0,
        "MALICIOUS": 0,
        "SANE": 0,
        "VALID": 0,
        "total": 2471
    },
    "percentage": {
        "ACTIVE": 99.35248887090246,
        "INACTIVE": 0.650142218610321,
        "INVALID": 0,
        "MALICIOUS": 0,
        "SANE": 0,
        "VALID": 0,
        "total": 100.00263108951279
    }
}