{
    "counter": {
        "ACTIVE": 1377,
        "INACTIVE": 8,
        "INVALID": 0,
        "MALICIOUS": 0,
        "SANE": 0,
        "VALID": 0,
        "total": 1385
    },
    "percentage": {
        "ACTIVE": 99.42238267148015,
        "INACTIVE": 1.2066365007541477,
        "INVALID": 0,
        "MALICIOUS": 0,
        "SANE": 0,
        "VALID": 0,
        "total": 100.6290191722343
    }
}