{
    "counter": {
        "ACTIVE": 3673,
        "INACTIVE": 21,
        "INVALID": 0,
        "MALICIOUS": 0,
        "SANE": 0,
        "VALID": 0,
        "total": 3694
    },
    "percentage": {
        "ACTIVE": 99.43151055766107,
        "INACTIVE": 0.5859375,
        "INVALID": 0,
        "MALICIOUS": 0,
        "SANE": 0,
        "VALID": 0,
        "total": 100.01744805766107
    }
}