{
    "counter": {
        "ACTIVE": 3466,
        "INACTIVE": 18,
        "INVALID": 0,
        "MALICIOUS": 0,
        "SANE": 0,
        "VALID": 0,
        "total": 3484
    },
    "percentage": {
        "ACTIVE": 99.4833524684271,
        "INACTIVE": 0.5524861878453039,
        "INVALID": 0,
        "MALICIOUS": 0,
        "SANE": 0,
        "VALID": 0,
        "total": 100.0358386562724
    }
}