{
    "counter": {
        "ACTIVE": 1233,
        "INACTIVE": 10,
        "INVALID": 0,
        "MALICIOUS": 0,
        "SANE": 0,
        "VALID": 0,
        "total": 1243
    },
    "percentage": {
        "ACTIVE": 99.19549477071601,
        "INACTIVE": 0.9389671361502347,
        "INVALID": 0,
        "MALICIOUS": 0,
        "SANE": 0,
        "VALID": 0,
        "total": 100.13446190686625
    }
}