{
    "counter": {
        "ACTIVE": 2513,
        "INACTIVE": 3,
        "INVALID": 0,
        "MALICIOUS": 0,
        "SANE": 0,
        "VALID": 0,
        "total": 2516
    },
    "percentage": {
        "ACTIVE": 99.88076311605724,
        "INACTIVE": 0.13780431786862654,
        "INVALID": 0,
        "MALICIOUS": 0,
        "SANE": 0,
        "VALID": 0,
        "total": 100.01856743392587
    }
}