{
    "counter": {
        "ACTIVE": 648,
        "INACTIVE": 13,
        "INVALID": 0,
        "MALICIOUS": 0,
        "SANE": 0,
        "VALID": 0,
        "total": 661
    },
    "percentage": {
        "ACTIVE": 98.03328290468987,
        "INACTIVE": 2.480916030534351,
        "INVALID": 0,
        "MALICIOUS": 0,
        "SANE": 0,
        "VALID": 0,
        "total": 100.51419893522421
    }
}