{
    "counter": {
        "ACTIVE": 1681,
        "INACTIVE": 10,
        "INVALID": 0,
        "MALICIOUS": 0,
        "SANE": 0,
        "VALID": 0,
        "total": 1691
    },
    "percentage": {
        "ACTIVE": 99.40863394441159,
        "INACTIVE": 0.6830601092896175,
        "INVALID": 0,
        "MALICIOUS": 0,
        "SANE": 0,
        "VALID": 0,
        "total": 100.0916940537012
    }
}