{
    "counter": {
        "ACTIVE": 2731,
        "INACTIVE": 9,
        "INVALID": 0,
        "MALICIOUS": 0,
        "SANE": 0,
        "VALID": 0,
        "total": 2740
    },
    "percentage": {
        "ACTIVE": 99.67153284671532,
        "INACTIVE": 0.33519553072625696,
        "INVALID": 0,
        "MALICIOUS": 0,
        "SANE": 0,
        "VALID": 0,
        "total": 100.00672837744158
    }
}