{
    "counter": {
        "ACTIVE": 2029,
        "INACTIVE": 4,
        "INVALID": 0,
        "MALICIOUS": 0,
        "SANE": 0,
        "VALID": 0,
        "total": 2033
    },
    "percentage": {
        "ACTIVE": 99.80324643384161,
        "INACTIVE": 0.3968253968253968,
        "INVALID": 0,
        "MALICIOUS": 0,
        "SANE": 0,
        "VALID": 0,
        "total": 100.200071830667
    }
}