{
    "counter": {
        "ACTIVE": 1358,
        "INACTIVE": 12,
        "INVALID": 0,
        "MALICIOUS": 0,
        "SANE": 0,
        "VALID": 0,
        "total": 1370
    },
    "percentage": {
        "ACTIVE": 99.12408759124088,
        "INACTIVE": 0.8823529411764706,
        "INVALID": 0,
        "MALICIOUS": 0,
        "SANE": 0,
        "VALID": 0,
        "total": 100.00644053241734
    }
}