{
    "counter": {
        "ACTIVE": 843,
        "INACTIVE": 10,
        "INVALID": 0,
        "MALICIOUS": 0,
        "SANE": 0,
        "VALID": 0,
        "total": 853
    },
    "percentage": {
        "ACTIVE": 98.82766705744432,
        "INACTIVE": 1.4245014245014245,
        "INVALID": 0,
        "MALICIOUS": 0,
        "SANE": 0,
        "VALID": 0,
        "total": 100.25216848194574
    }
}