{
    "counter": {
        "ACTIVE": 978,
        "INACTIVE": 4,
        "INVALID": 0,
        "MALICIOUS": 0,
        "SANE": 0,
        "VALID": 0,
        "total": 982
    },
    "percentage": {
        "ACTIVE": 99.59266802443992,
        "INACTIVE": 0.45977011494252873,
        "INVALID": 0,
        "MALICIOUS": 0,
        "SANE": 0,
        "VALID": 0,
        "total": 100.05243813938245
    }
}