{
    "counter": {
        "ACTIVE": 3218,
        "INACTIVE": 16,
        "INVALID": 0,
        "MALICIOUS": 0,
        "SANE": 0,
        "VALID": 0,
        "total": 3234
    },
    "percentage": {
        "ACTIVE": 99.50525664811379,
        "INACTIVE": 0.548885077186964,
        "INVALID": 0,
        "MALICIOUS": 0,
        "SANE": 0,
        "VALID": 0,
        "total": 100.05414172530075
    }
}