{
    "counter": {
        "ACTIVE": 2714,
        "INACTIVE": 3,
        "INVALID": 0,
        "MALICIOUS": 0,
        "SANE": 0,
        "VALID": 0,
        "total": 2717
    },
    "percentage": {
        "ACTIVE": 99.88958410011041,
        "INACTIVE": 0.11127596439169139,
        "INVALID": 0,
        "MALICIOUS": 0,
        "SANE": 0,
        "VALID": 0,
        "total": 100.0008600645021
    }
}