{
    "counter": {
        "ACTIVE": 581,
        "INACTIVE": 10,
        "INVALID": 0,
        "MALICIOUS": 0,
        "SANE": 0,
        "VALID": 0,
        "total": 591
    },
    "percentage": {
        "ACTIVE": 98.30795262267344,
        "INACTIVE": 1.7361111111111112,
        "INVALID": 0,
        "MALICIOUS": 0,
        "SANE": 0,
        "VALID": 0,
        "total": 100.04406373378455
    }
}