{
    "counter": {
        "ACTIVE": 3410,
        "INACTIVE": 15,
        "INVALID": 0,
        "MALICIOUS": 0,
        "SANE": 0,
        "VALID": 0,
        "total": 3425
    },
    "percentage": {
        "ACTIVE": 99.56204379562044,
        "INACTIVE": 0.4552352048558422,
        "INVALID": 0,
        "MALICIOUS": 0,
        "SANE": 0,
        "VALID": 0,
        "total": 100.01727900047628
    }
}