{
    "counter": {
        "ACTIVE": 1213,
        "INACTIVE": 8,
        "INVALID": 0,
        "MALICIOUS": 0,
        "SANE": 0,
        "VALID": 0,
        "total": 1221
    },
    "percentage": {
        "ACTIVE": 99.34479934479934,
        "INACTIVE": 0.7483629560336763,
        "INVALID": 0,
        "MALICIOUS": 0,
        "SANE": 0,
        "VALID": 0,
        "total": 100.09316230083301
    }
}