{
    "counter": {
        "ACTIVE": 535,
        "INACTIVE": 3,
        "INVALID": 0,
        "MALICIOUS": 0,
        "SANE": 0,
        "VALID": 0,
        "total": 538
    },
    "percentage": {
        "ACTIVE": 99.44237918215613,
        "INACTIVE": 0.5952380952380952,
        "INVALID": 0,
        "MALICIOUS": 0,
        "SANE": 0,
        "VALID": 0,
        "total": 100.03761727739423
    }
}