{
    "counter": {
        "ACTIVE": 3494,
        "INACTIVE": 21,
        "INVALID": 0,
        "MALICIOUS": 0,
        "SANE": 0,
        "VALID": 0,
        "total": 3515
    },
    "percentage": {
        "ACTIVE": 99.40256045519203,
        "INACTIVE": 0.6589268904926263,
        "INVALID": 0,
        "MALICIOUS": 0,
        "SANE": 0,
        "VALID": 0,
        "total": 100.06148734568465
    }
}