{
    "counter": {
        "ACTIVE": 390,
        "INACTIVE": 4,
        "INVALID": 0,
        "MALICIOUS": 0,
        "SANE": 0,
        "VALID": 0,
        "total": 394
    },
    "percentage": {
        "ACTIVE": 98.98477157360406,
        "INACTIVE": 1.1235955056179776,
        "INVALID": 0,
        "MALICIOUS": 0,
        "SANE": 0,
        "VALID": 0,
        "total": 100.10836707922203
    }
}