{
    "counter": {
        "ACTIVE": 546,
        "INACTIVE": 7,
        "INVALID": 0,
        "MALICIOUS": 0,
        "SANE": 0,
        "VALID": 0,
        "total": 553
    },
    "percentage": {
        "ACTIVE": 98.73417721518987,
        "INACTIVE": 1.2727272727272727,
        "INVALID": 0,
        "MALICIOUS": 0,
        "SANE": 0,
        "VALID": 0,
        "total": 100.00690448791714
    }
}