{
    "counter": {
        "ACTIVE": 1395,
        "INACTIVE": 6,
        "INVALID": 0,
        "MALICIOUS": 0,
        "SANE": 0,
        "VALID": 0,
        "total": 1401
    },
    "percentage": {
        "ACTIVE": 99.57173447537473,
        "INACTIVE": 0.9433962264150944,
        "INVALID": 0,
        "MALICIOUS": 0,
        "SANE": 0,
        "VALID": 0,
        "total": 100.51513070178981
    }
}