{
    "counter": {
        "ACTIVE": 1484,
        "INACTIVE": 1,
        "INVALID": 0,
        "MALICIOUS": 0,
        "SANE": 0,
        "VALID": 0,
        "total": 1485
    },
    "percentage": {
        "ACTIVE": 99.93265993265993,
        "INACTIVE": 0.07704160246533127,
        "INVALID": 0,
        "MALICIOUS": 0,
        "SANE": 0,
        "VALID": 0,
        "total": 100.00970153512526
    }
}