{
    "counter": {
        "ACTIVE": 2077,
        "INACTIVE": 9,
        "INVALID": 0,
        "MALICIOUS": 0,
        "SANE": 0,
        "VALID": 0,
        "total": 2086
    },
    "percentage": {
        "ACTIVE": 99.56855225311601,
        "INACTIVE": 0.6254343293954134,
        "INVALID": 0,
        "MALICIOUS": 0,
        "SANE": 0,
        "VALID": 0,
        "total": 100.19398658251143
    }
}