{
    "counter": {
        "ACTIVE": 1447,
        "INACTIVE": 9,
        "INVALID": 0,
        "MALICIOUS": 0,
        "SANE": 0,
        "VALID": 0,
        "total": 1456
    },
    "percentage": {
        "ACTIVE": 99.38186813186813,
        "INACTIVE": 0.8571428571428571,
        "INVALID": 0,
        "MALICIOUS": 0,
        "SANE": 0,
        "VALID": 0,
        "total": 100.23901098901099
    }
}