{
    "counter": {
        "ACTIVE": 3600,
        "INACTIVE": 14,
        "INVALID": 0,
        "MALICIOUS": 0,
        "SANE": 0,
        "VALID": 0,
        "total": 3614
    },
    "percentage": {
        "ACTIVE": 99.61261759822911,
        "INACTIVE": 0.5376344086021505,
        "INVALID": 0,
        "MALICIOUS": 0,
        "SANE": 0,
        "VALID": 0,
        "total": 100.15025200683125
    }
}