{
    "counter": {
        "ACTIVE": 957,
        "INACTIVE": 14,
        "INVALID": 0,
        "MALICIOUS": 0,
        "SANE": 0,
        "VALID": 0,
        "total": 971
    },
    "percentage": {
        "ACTIVE": 98.55818743563337,
        "INACTIVE": 2.1021021021021022,
        "INVALID": 0,
        "MALICIOUS": 0,
        "SANE": 0,
        "VALID": 0,
        "total": 100.66028953773548
    }
}