{
    "counter": {
        "ACTIVE": 2802,
        "INACTIVE": 15,
        "INVALID": 0,
        "MALICIOUS": 0,
        "SANE": 0,
        "VALID": 0,
        "total": 2817
    },
    "percentage": {
        "ACTIVE": 99.46751863684771,
        "INACTIVE": 0.548646671543526,
        "INVALID": 0,
        "MALICIOUS": 0,
        "SANE": 0,
        "VALID": 0,
        "total": 100.01616530839124
    }
}