{
    "counter": {
        "ACTIVE": 3486,
        "INACTIVE": 19,
        "INVALID": 0,
        "MALICIOUS": 0,
        "SANE": 0,
        "VALID": 0,
        "total": 3505
    },
    "percentage": {
        "ACTIVE": 99.45791726105564,
        "INACTIVE": 0.5989911727616646,
        "INVALID": 0,
        "MALICIOUS": 0,
        "SANE": 0,
        "VALID": 0,
        "total": 100.05690843381731
    }
}