{
    "counter": {
        "ACTIVE": 2234,
        "INACTIVE": 5,
        "INVALID": 0,
        "MALICIOUS": 0,
        "SANE": 0,
        "VALID": 0,
        "total": 2239
    },
    "percentage": {
        "ACTIVE": 99.77668602054489,
        "INACTIVE": 1.0416666666666667,
        "INVALID": 0,
        "MALICIOUS": 0,
        "SANE": 0,
        "VALID": 0,
        "total": 100.81835268721156
    }
}