{
    "counter": {
        "ACTIVE": 3304,
        "INACTIVE": 21,
        "INVALID": 0,
        "MALICIOUS": 0,
        "SANE": 0,
        "VALID": 0,
        "total": 3325
    },
    "percentage": {
        "ACTIVE": 99.36842105263158,
        "INACTIVE": 0.6595477386934674,
        "INVALID": 0,
        "MALICIOUS": 0,
        "SANE": 0,
        "VALID": 0,
        "total": 100.02796879132504
    }
}