{
    "counter": {
        "ACTIVE": 3459,
        "INACTIVE": 18,
        "INVALID": 0,
        "MALICIOUS": 0,
        "SANE": 0,
        "VALID": 0,
        "total": 3477
    },
    "percentage": {
        "ACTIVE": 99.4823123382226,
        "INACTIVE": 0.5761843790012804,
        "INVALID": 0,
        "MALICIOUS": 0,
        "SANE": 0,
        "VALID": 0,
        "total": 100.05849671722387
    }
}