{
    "counter": {
        "ACTIVE": 533,
        "INACTIVE": 7,
        "INVALID": 0,
        "MALICIOUS": 0,
        "SANE": 0,
        "VALID": 0,
        "total": 540
    },
    "percentage": {
        "ACTIVE": 98.70370370370371,
        "INACTIVE": 1.348747591522158,
        "INVALID": 0,
        "MALICIOUS": 0,
        "SANE": 0,
        "VALID": 0,
        "total": 100.05245129522586
    }
}