{
    "counter": {
        "ACTIVE": 2449,
        "INACTIVE": 4,
        "INVALID": 0,
        "MALICIOUS": 0,
        "SANE": 0,
        "VALID": 0,
        "total": 2453
    },
    "percentage": {
        "ACTIVE": 99.83693436608235,
        "INACTIVE": 0.22766078542970974,
        "INVALID": 0,
        "MALICIOUS": 0,
        "SANE": 0,
        "VALID": 0,
        "total": 100.06459515151205
    }
}