{
    "counter": {
        "ACTIVE": 2244,
        "INACTIVE": 13,
        "INVALID": 0,
        "MALICIOUS": 0,
        "SANE": 0,
        "VALID": 0,
        "total": 2257
    },
    "percentage": {
        "ACTIVE": 99.42401417811254,
        "INACTIVE": 0.8603573792190602,
        "INVALID": 0,
        "MALICIOUS": 0,
        "SANE": 0,
        "VALID": 0,
        "total": 100.28437155733161
    }
}