{
    "counter": {
        "ACTIVE": 2897,
        "INACTIVE": 19,
        "INVALID": 0,
        "MALICIOUS": 0,
        "SANE": 0,
        "VALID": 0,
        "total": 2916
    },
    "percentage": {
        "ACTIVE": 99.34842249657065,
        "INACTIVE": 0.7251908396946565,
        "INVALID": 0,
        "MALICIOUS": 0,
        "SANE": 0,
        "VALID": 0,
        "total": 100.07361333626531
    }
}