{
    "counter": {
        "ACTIVE": 3593,
        "INACTIVE": 10,
        "INVALID": 0,
        "MALICIOUS": 0,
        "SANE": 0,
        "VALID": 0,
        "total": 3603
    },
    "percentage": {
        "ACTIVE": 99.72245351096309,
        "INACTIVE": 0.41271151465125877,
        "INVALID": 0,
        "MALICIOUS": 0,
        "SANE": 0,
        "VALID": 0,
        "total": 100.13516502561436
    }
}