{
    "counter": {
        "ACTIVE": 411,
        "INACTIVE": 3,
        "INVALID": 0,
        "MALICIOUS": 0,
        "SANE": 0,
        "VALID": 0,
        "total": 414
    },
    "percentage": {
        "ACTIVE": 99.51573849878935,
        "INACTIVE": 0.7246376811594203,
        "INVALID": 0,
        "MALICIOUS": 0,
        "SANE": 0,
        "VALID": 0,
        "total": 100.24037617994877
    }
}