{
    "counter": {
        "ACTIVE": 3643,
        "INACTIVE": 2,
        "INVALID": 0,
        "MALICIOUS": 0,
        "SANE": 0,
        "VALID": 0,
        "total": 3645
    },
    "percentage": {
        "ACTIVE": 99.94513031550069,
        "INACTIVE": 0.44052863436123346,
        "INVALID": 0,
        "MALICIOUS": 0,
        "SANE": 0,
        "VALID": 0,
        "total": 100.38565894986192
    }
}