{
    "counter": {
        "ACTIVE": 3488,
        "INACTIVE": 19,
        "INVALID": 0,
        "MALICIOUS": 0,
        "SANE": 0,
        "VALID": 0,
        "total": 3507
    },
    "percentage": {
        "ACTIVE": 99.45822640433418,
        "INACTIVE": 0.7276905400229797,
        "INVALID": 0,
        "MALICIOUS": 0,
        "SANE": 0,
        "VALID": 0,
        "total": 100.18591694435716
    }
}