{
    "counter": {
        "ACTIVE": 2070,
        "INACTIVE": 6,
        "INVALID": 0,
        "MALICIOUS": 0,
        "SANE": 0,
        "VALID": 0,
        "total": 2076
    },
    "percentage": {
        "ACTIVE": 99.71098265895954,
        "INACTIVE": 0.39215686274509803,
        "INVALID": 0,
        "MALICIOUS": 0,
        "SANE": 0,
        "VALID": 0,
        "total": 100.10313952170463
    }
}