{
    "counter": {
        "ACTIVE": 691,
        "INACTIVE": 10,
        "INVALID": 0,
        "MALICIOUS": 0,
        "SANE": 0,
        "VALID": 0,
        "total": 701
    },
    "percentage": {
        "ACTIVE": 98.5734664764622,
        "INACTIVE": 1.7301038062283738,
        "INVALID": 0,
        "MALICIOUS": 0,
        "SANE": 0,
        "VALID": 0,
        "total": 100.30357028269057
    }
}