{
    "counter": {
        "ACTIVE": 5174,
        "INACTIVE": 16,
        "INVALID": 0,
        "MALICIOUS": 0,
        "SANE": 0,
        "VALID": 0,
        "total": 5190
    },
    "percentage": {
        "ACTIVE": 99.69171483622351,
        "INACTIVE": 0.31037827352085356,
        "INVALID": 0,
        "MALICIOUS": 0,
        "SANE": 0,
        "VALID": 0,
        "total": 100.00209310974437
    }
}