{
    "counter": {
        "ACTIVE": 2616,
        "INACTIVE": 11,
        "INVALID": 0,
        "MALICIOUS": 0,
        "SANE": 0,
        "VALID": 0,
        "total": 2627
    },
    "percentage": {
        "ACTIVE": 99.58127141225732,
        "INACTIVE": 0.727994705493051,
        "INVALID": 0,
        "MALICIOUS": 0,
        "SANE": 0,
        "VALID": 0,
        "total": 100.30926611775037
    }
}