{
    "counter": {
        "ACTIVE": 3328,
        "INACTIVE": 15,
        "INVALID": 0,
        "MALICIOUS": 0,
        "SANE": 0,
        "VALID": 0,
        "total": 3343
    },
    "percentage": {
        "ACTIVE": 99.55130122644331,
        "INACTIVE": 0.471253534401508,
        "INVALID": 0,
        "MALICIOUS": 0,
        "SANE": 0,
        "VALID": 0,
        "total": 100.02255476084483
    }
}