{
    "counter": {
        "ACTIVE": 1723,
        "INACTIVE": 8,
        "INVALID": 0,
        "MALICIOUS": 0,
        "SANE": 0,
        "VALID": 0,
        "total": 1731
    },
    "percentage": {
        "ACTIVE": 99.53783939919121,
        "INACTIVE": 0.746268656716418,
        "INVALID": 0,
        "MALICIOUS": 0,
        "SANE": 0,
        "VALID": 0,
        "total": 100.28410805590764
    }
}