{
    "counter": {
        "ACTIVE": 617,
        "INACTIVE": 5,
        "INVALID": 0,
        "MALICIOUS": 0,
        "SANE": 0,
        "VALID": 0,
        "total": 622
    },
    "percentage": {
        "ACTIVE": 99.19614147909968,
        "INACTIVE": 0.8130081300813008,
        "INVALID": 0,
        "MALICIOUS": 0,
        "SANE": 0,
        "VALID": 0,
        "total": 100.00914960918098
    }
}