{
    "counter": {
        "ACTIVE": 1257,
        "INACTIVE": 10,
        "INVALID": 0,
        "MALICIOUS": 0,
        "SANE": 0,
        "VALID": 0,
        "total": 1267
    },
    "percentage": {
        "ACTIVE": 99.21073401736385,
        "INACTIVE": 1.0718113612004287,
        "INVALID": 0,
        "MALICIOUS": 0,
        "SANE": 0,
        "VALID": 0,
        "total": 100.28254537856428
    }
}