{
    "counter": {
        "ACTIVE": 528,
        "INACTIVE": 4,
        "INVALID": 0,
        "MALICIOUS": 0,
        "SANE": 0,
        "VALID": 0,
        "total": 532
    },
    "percentage": {
        "ACTIVE": 99.24812030075188,
        "INACTIVE": 0.8298755186721992,
        "INVALID": 0,
        "MALICIOUS": 0,
        "SANE": 0,
        "VALID": 0,
        "total": 100.07799581942407
    }
}