{
    "counter": {
        "ACTIVE": 3533,
        "INACTIVE": 1,
        "INVALID": 0,
        "MALICIOUS": 0,
        "SANE": 0,
        "VALID": 0,
        "total": 3534
    },
    "percentage": {
        "ACTIVE": 99.97170345217883,
        "INACTIVE": 0.24096385542168675,
        "INVALID": 0,
        "MALICIOUS": 0,
        "SANE": 0,
        "VALID": 0,
        "total": 100.21266730760051
    }
}