{
    "counter": {
        "ACTIVE": 690,
        "INACTIVE": 6,
        "INVALID": 0,
        "MALICIOUS": 0,
        "SANE": 0,
        "VALID": 0,
        "total": 696
    },
    "percentage": {
        "ACTIVE": 99.13793103448276,
        "INACTIVE": 1.0695187165775402,
        "INVALID": 0,
        "MALICIOUS": 0,
        "SANE": 0,
        "VALID": 0,
        "total": 100.2074497510603
    }
}