{
    "counter": {
        "ACTIVE": 3513,
        "INACTIVE": 20,
        "INVALID": 0,
        "MALICIOUS": 0,
        "SANE": 0,
        "VALID": 0,
        "total": 3533
    },
    "percentage": {
        "ACTIVE": 99.43390885932635,
        "INACTIVE": 0.6381620931716656,
        "INVALID": 0,
        "MALICIOUS": 0,
        "SANE": 0,
        "VALID": 0,
        "total": 100.07207095249802
    }
}