{
    "counter": {
        "ACTIVE": 2855,
        "INACTIVE": 5,
        "INVALID": 0,
        "MALICIOUS": 0,
        "SANE": 0,
        "VALID": 0,
        "total": 2860
    },
    "percentage": {
        "ACTIVE": 99.82517482517483,
        "INACTIVE": 0.8880994671403197,
        "INVALID": 0,
        "MALICIOUS": 0,
        "SANE": 0,
        "VALID": 0,
        "total": 100.71327429231515
    }
}