{
    "counter": {
        "ACTIVE": 1399,
        "INACTIVE": 10,
        "INVALID": 0,
        "MALICIOUS": 0,
        "SANE": 0,
        "VALID": 0,
        "total": 1409
    },
    "percentage": {
        "ACTIVE": 99.2902767920511,
        "INACTIVE": 0.8741258741258742,
        "INVALID": 0,
        "MALICIOUS": 0,
        "SANE": 0,
        "VALID": 0,
        "total": 100.16440266617698
    }
}