{
    "counter": {
        "ACTIVE": 2609,
        "INACTIVE": 2,
        "INVALID": 0,
        "MALICIOUS": 0,
        "SANE": 0,
        "VALID": 0,
        "total": 2611
    },
    "percentage": {
        "ACTIVE": 99.92340099578705,
        "INACTIVE": 0.1976284584980237,
        "INVALID": 0,
        "MALICIOUS": 0,
        "SANE": 0,
        "VALID": 0,
        "total": 100.12102945428508
    }
}