{
    "counter": {
        "ACTIVE": 2452,
        "INACTIVE": 15,
        "INVALID": 0,
        "MALICIOUS": 0,
        "SANE": 0,
        "VALID": 0,
        "total": 2467
    },
    "percentage": {
        "ACTIVE": 99.39197405755979,
        "INACTIVE": 0.6175380815150268,
        "INVALID": 0,
        "MALICIOUS": 0,
        "SANE": 0,
        "VALID": 0,
        "total": 100.00951213907481
    }
}