{
    "counter": {
        "ACTIVE": 1639,
        "INACTIVE": 9,
        "INVALID": 0,
        "MALICIOUS": 0,
        "SANE": 0,
        "VALID": 0,
        "total": 1648
    },
    "percentage": {
        "ACTIVE": 99.45388349514563,
        "INACTIVE": 0.5936675461741425,
        "INVALID": 0,
        "MALICIOUS": 0,
        "SANE": 0,
        "VALID": 0,
        "total": 100.04755104131978
    }
}