{
    "counter": {
        "ACTIVE": 3200,
        "INACTIVE": 0,
        "INVALID": 1,
        "MALICIOUS": 0,
        "SANE": 0,
        "VALID": 0,
        "total": 3201
    },
    "percentage": {
        "ACTIVE": 99.9687597625742,
        "INACTIVE": 0,
        "INVALID": 0.06261740763932373,
        "MALICIOUS": 0,
        "SANE": 0,
        "VALID": 0,
        "total": 100.03137717021352
    }
}