{
    "counter": {
        "ACTIVE": 603,
        "INACTIVE": 2,
        "INVALID": 0,
        "MALICIOUS": 0,
        "SANE": 0,
        "VALID": 0,
        "total": 605
    },
    "percentage": {
        "ACTIVE": 99.6694214876033,
        "INACTIVE": 0.3502626970227671,
        "INVALID": 0,
        "MALICIOUS": 0,
        "SANE": 0,
        "VALID": 0,
        "total": 100.01968418462607
    }
}