{
    "counter": {
        "ACTIVE": 2141,
        "INACTIVE": 8,
        "INVALID": 0,
        "MALICIOUS": 0,
        "SANE": 0,
        "VALID": 0,
        "total": 2149
    },
    "percentage": {
        "ACTIVE": 99.62773382968822,
        "INACTIVE": 0.3870343492985002,
        "INVALID": 0,
        "MALICIOUS": 0,
        "SANE": 0,
        "VALID": 0,
        "total": 100.01476817898673
    }
}