{
    "counter": {
        "ACTIVE": 805,
        "INACTIVE": 6,
        "INVALID": 0,
        "MALICIOUS": 0,
        "SANE": 0,
        "VALID": 0,
        "total": 811
    },
    "percentage": {
        "ACTIVE": 99.26017262638717,
        "INACTIVE": 0.8915304606240714,
        "INVALID": 0,
        "MALICIOUS": 0,
        "SANE": 0,
        "VALID": 0,
        "total": 100.15170308701124
    }
}