{
    "counter": {
        "ACTIVE": 683,
        "INACTIVE": 6,
        "INVALID": 0,
        "MALICIOUS": 0,
        "SANE": 0,
        "VALID": 0,
        "total": 689
    },
    "percentage": {
        "ACTIVE": 99.12917271407838,
        "INACTIVE": 1.0657193605683837,
        "INVALID": 0,
        "MALICIOUS": 0,
        "SANE": 0,
        "VALID": 0,
        "total": 100.19489207464676
    }
}