{
    "counter": {
        "ACTIVE": 3617,
        "INACTIVE": 7,
        "INVALID": 0,
        "MALICIOUS": 0,
        "SANE": 0,
        "VALID": 0,
        "total": 3624
    },
    "percentage": {
        "ACTIVE": 99.80684326710816,
        "INACTIVE": 0.2872384078785392,
        "INVALID": 0,
        "MALICIOUS": 0,
        "SANE": 0,
        "VALID": 0,
        "total": 100.0940816749867
    }
}