{
    "counter": {
        "ACTIVE": 966,
        "INACTIVE": 2,
        "INVALID": 0,
        "MALICIOUS": 0,
        "SANE": 0,
        "VALID": 0,
        "total": 968
    },
    "percentage": {
        "ACTIVE": 99.79338842975207,
        "INACTIVE": 0.49627791563275436,
        "INVALID": 0,
        "MALICIOUS": 0,
        "SANE": 0,
        "VALID": 0,
        "total": 100.28966634538483
    }
}