{
    "counter": {
        "ACTIVE": 2116,
        "INACTIVE": 11,
        "INVALID": 0,
        "MALICIOUS": 0,
        "SANE": 0,
        "VALID": 0,
        "total": 2127
    },
    "percentage": {
        "ACTIVE": 99.4828396803009,
        "INACTIVE": 0.9098428453267163,
        "INVALID": 0,
        "MALICIOUS": 0,
        "SANE": 0,
        "VALID": 0,
        "total": 100.39268252562762
    }
}