{
    "counter": {
        "ACTIVE": 1347,
        "INACTIVE": 10,
        "INVALID": 0,
        "MALICIOUS": 0,
        "SANE": 0,
        "VALID": 0,
        "total": 1357
    },
    "percentage": {
        "ACTIVE": 99.26308032424465,
        "INACTIVE": 0.8613264427217916,
        "INVALID": 0,
        "MALICIOUS": 0,
        "SANE": 0,
        "VALID": 0,
        "total": 100.12440676696644
    }
}