{
    "counter": {
        "ACTIVE": 1346,
        "INACTIVE": 6,
        "INVALID": 0,
        "MALICIOUS": 0,
        "SANE": 0,
        "VALID": 0,
        "total": 1352
    },
    "percentage": {
        "ACTIVE": 99.55621301775147,
        "INACTIVE": 0.5639097744360902,
        "INVALID": 0,
        "MALICIOUS": 0,
        "SANE": 0,
        "VALID": 0,
        "total": 100.12012279218756
    }
}