{
    "counter": {
        "ACTIVE": 2481,
        "INACTIVE": 5,
        "INVALID": 0,
        "MALICIOUS": 0,
        "SANE": 0,
        "VALID": 0,
        "total": 2486
    },
    "percentage": {
        "ACTIVE": 99.798873692679,
        "INACTIVE": 0.7668711656441718,
        "INVALID": 0,
        "MALICIOUS": 0,
        "SANE": 0,
        "VALID": 0,
        "total": 100.56574485832317
    }
}