{
    "counter": {
        "ACTIVE": 724,
        "INACTIVE": 10,
        "INVALID": 0,
        "MALICIOUS": 0,
        "SANE": 0,
        "VALID": 0,
        "total": 734
    },
    "percentage": {
        "ACTIVE": 98.6376021798365,
        "INACTIVE": 1.7699115044247788,
        "INVALID": 0,
        "MALICIOUS": 0,
        "SANE": 0,
        "VALID": 0,
        "total": 100.40751368426129
    }
}