{
    "counter": {
        "ACTIVE": 572,
        "INACTIVE": 2,
        "INVALID": 0,
        "MALICIOUS": 0,
        "SANE": 0,
        "VALID": 0,
        "total": 574
    },
    "percentage": {
        "ACTIVE": 99.65156794425087,
        "INACTIVE": 0.43859649122807015,
        "INVALID": 0,
        "MALICIOUS": 0,
        "SANE": 0,
        "VALID": 0,
        "total": 100.09016443547894
    }
}