{
    "counter": {
        "ACTIVE": 238,
        "INACTIVE": 2,
        "INVALID": 0,
        "MALICIOUS": 0,
        "SANE": 0,
        "VALID": 0,
        "total": 240
    },
    "percentage": {
        "ACTIVE": 99.16666666666667,
        "INACTIVE": 1.4705882352941178,
        "INVALID": 0,
        "MALICIOUS": 0,
        "SANE": 0,
        "VALID": 0,
        "total": 100.63725490196079
    }
}