{
    "counter": {
        "ACTIVE": 3494,
        "INACTIVE": 15,
        "INVALID": 0,
        "MALICIOUS": 0,
        "SANE": 0,
        "VALID": 0,
        "total": 3509
    },
    "percentage": {
        "ACTIVE": 99.57252778569394,
        "INACTIVE": 0.47184649260773825,
        "INVALID": 0,
        "MALICIOUS": 0,
        "SANE": 0,
        "VALID": 0,
        "total": 100.04437427830167
    }
}