{
    "counter": {
        "ACTIVE": 3301,
        "INACTIVE": 20,
        "INVALID": 0,
        "MALICIOUS": 0,
        "SANE": 0,
        "VALID": 0,
        "total": 3321
    },
    "percentage": {
        "ACTIVE": 99.39777175549533,
        "INACTIVE": 0.7225433526011561,
        "INVALID": 0,
        "MALICIOUS": 0,
        "SANE": 0,
        "VALID": 0,
        "total": 100.12031510809648
    }
}