{
    "counter": {
        "ACTIVE": 538,
        "INACTIVE": 6,
        "INVALID": 0,
        "MALICIOUS": 0,
        "SANE": 0,
        "VALID": 0,
        "total": 544
    },
    "percentage": {
        "ACTIVE": 98.8970588235294,
        "INACTIVE": 1.1320754716981132,
        "INVALID": 0,
        "MALICIOUS": 0,
        "SANE": 0,
        "VALID": 0,
        "total": 100.02913429522752
    }
}