{
    "counter": {
        "ACTIVE": 2088,
        "INACTIVE": 14,
        "INVALID": 0,
        "MALICIOUS": 0,
        "SANE": 0,
        "VALID": 0,
        "total": 2102
    },
    "percentage": {
        "ACTIVE": 99.33396764985729,
        "INACTIVE": 1.3618677042801557,
        "INVALID": 0,
        "MALICIOUS": 0,
        "SANE": 0,
        "VALID": 0,
        "total": 100.69583535413744
    }
}