{
    "counter": {
        "ACTIVE": 3587,
        "INACTIVE": 6,
        "INVALID": 0,
        "MALICIOUS": 0,
        "SANE": 0,
        "VALID": 0,
        "total": 3593
    },
    "percentage": {
        "ACTIVE": 99.83300862788757,
        "INACTIVE": 0.19274012206874397,
        "INVALID": 0,
        "MALICIOUS": 0,
        "SANE": 0,
        "VALID": 0,
        "total": 100.0257487499563
    }
}