{
    "counter": {
        "ACTIVE": 543,
        "INACTIVE": 3,
        "INVALID": 0,
        "MALICIOUS": 0,
        "SANE": 0,
        "VALID": 0,
        "total": 546
    },
    "percentage": {
        "ACTIVE": 99.45054945054945,
        "INACTIVE": 0.6423982869379015,
        "INVALID": 0,
        "MALICIOUS": 0,
        "SANE": 0,
        "VALID": 0,
        "total": 100.09294773748735
    }
}