{
    "counter": {
        "ACTIVE": 2126,
        "INACTIVE": 18,
        "INVALID": 0,
        "MALICIOUS": 0,
        "SANE": 0,
        "VALID": 0,
        "total": 2144
    },
    "percentage": {
        "ACTIVE": 99.16044776119404,
        "INACTIVE": 0.8518693800283956,
        "INVALID": 0,
        "MALICIOUS": 0,
        "SANE": 0,
        "VALID": 0,
        "total": 100.01231714122243
    }
}