{
    "counter": {
        "ACTIVE": 226,
        "INACTIVE": 1,
        "INVALID": 0,
        "MALICIOUS": 0,
        "SANE": 0,
        "VALID": 0,
        "total": 227
    },
    "percentage": {
        "ACTIVE": 99.55947136563877,
        "INACTIVE": 0.8064516129032258,
        "INVALID": 0,
        "MALICIOUS": 0,
        "SANE": 0,
        "VALID": 0,
        "total": 100.365922978542
    }
}