{
    "counter": {
        "ACTIVE": 2662,
        "INACTIVE": 8,
        "INVALID": 0,
        "MALICIOUS": 0,
        "SANE": 0,
        "VALID": 0,
        "total": 2670
    },
    "percentage": {
        "ACTIVE": 99.70037453183521,
        "INACTIVE": 0.5606166783461808,
        "INVALID": 0,
        "MALICIOUS": 0,
        "SANE": 0,
        "VALID": 0,
        "total": 100.26099121018139
    }
}