{
    "counter": {
        "ACTIVE": 1573,
        "INACTIVE": 1,
        "INVALID": 0,
        "MALICIOUS": 0,
        "SANE": 0,
        "VALID": 0,
        "total": 1574
    },
    "percentage": {
        "ACTIVE": 99.93646759847522,
        "INACTIVE": 0.24096385542168675,
        "INVALID": 0,
        "MALICIOUS": 0,
        "SANE": 0,
        "VALID": 0,
        "total": 100.1774314538969
    }
}