{
    "counter": {
        "ACTIVE": 2847,
        "INACTIVE": 10,
        "INVALID": 0,
        "MALICIOUS": 0,
        "SANE": 0,
        "VALID": 0,
        "total": 2857
    },
    "percentage": {
        "ACTIVE": 99.64998249912496,
        "INACTIVE": 0.36271309394269136,
        "INVALID": 0,
        "MALICIOUS": 0,
        "SANE": 0,
        "VALID": 0,
        "total": 100.01269559306765
    }
}