{
    "counter": {
        "ACTIVE": 1221,
        "INACTIVE": 9,
        "INVALID": 0,
        "MALICIOUS": 0,
        "SANE": 0,
        "VALID": 0,
        "total": 1230
    },
    "percentage": {
        "ACTIVE": 99.26829268292683,
        "INACTIVE": 0.7971656333038086,
        "INVALID": 0,
        "MALICIOUS": 0,
        "SANE": 0,
        "VALID": 0,
        "total": 100.06545831623063
    }
}