{
    "counter": {
        "ACTIVE": 1209,
        "INACTIVE": 12,
        "INVALID": 0,
        "MALICIOUS": 0,
        "SANE": 0,
        "VALID": 0,
        "total": 1221
    },
    "percentage": {
        "ACTIVE": 99.01719901719902,
        "INACTIVE": 1.0212765957446808,
        "INVALID": 0,
        "MALICIOUS": 0,
        "SANE": 0,
        "VALID": 0,
        "total": 100.0384756129437
    }
}