{
    "counter": {
        "ACTIVE": 3516,
        "INACTIVE": 10,
        "INVALID": 0,
        "MALICIOUS": 0,
        "SANE": 0,
        "VALID": 0,
        "total": 3526
    },
    "percentage": {
        "ACTIVE": 99.71639251276234,
        "INACTIVE": 0.31565656565656564,
        "INVALID": 0,
        "MALICIOUS": 0,
        "SANE": 0,
        "VALID": 0,
        "total": 100.03204907841891
    }
}