{
    "counter": {
        "ACTIVE": 2924,
        "INACTIVE": 1,
        "INVALID": 0,
        "MALICIOUS": 0,
        "SANE": 0,
        "VALID": 0,
        "total": 2925
    },
    "percentage": {
        "ACTIVE": 99.96581196581197,
        "INACTIVE": 0.039541320680110716,
        "INVALID": 0,
        "MALICIOUS": 0,
        "SANE": 0,
        "VALID": 0,
        "total": 100.00535328649208
    }
}