{
    "counter": {
        "ACTIVE": 3060,
        "INACTIVE": 5,
        "INVALID": 0,
        "MALICIOUS": 0,
        "SANE": 0,
        "VALID": 0,
        "total": 3065
    },
    "percentage": {
        "ACTIVE": 99.836867862969,
        "INACTIVE": 0.7668711656441718,
        "INVALID": 0,
        "MALICIOUS": 0,
        "SANE": 0,
        "VALID": 0,
        "total": 100.60373902861318
    }
}