{
    "counter": {
        "ACTIVE": 2864,
        "INACTIVE": 4,
        "INVALID": 0,
        "MALICIOUS": 0,
        "SANE": 0,
        "VALID": 0,
        "total": 2868
    },
    "percentage": {
        "ACTIVE": 99.860529986053,
        "INACTIVE": 0.16142050040355124,
        "INVALID": 0,
        "MALICIOUS": 0,
        "SANE": 0,
        "VALID": 0,
        "total": 100.02195048645655
    }
}