{
    "counter": {
        "ACTIVE": 3674,
        "INACTIVE": 17,
        "INVALID": 0,
        "MALICIOUS": 0,
        "SANE": 0,
        "VALID": 0,
        "total": 3691
    },
    "percentage": {
        "ACTIVE": 99.53942021132484,
        "INACTIVE": 0.4720910858094974,
        "INVALID": 0,
        "MALICIOUS": 0,
        "SANE": 0,
        "VALID": 0,
        "total": 100.01151129713433
    }
}