{
    "counter": {
        "ACTIVE": 544,
        "INACTIVE": 8,
        "INVALID": 0,
        "MALICIOUS": 0,
        "SANE": 0,
        "VALID": 0,
        "total": 552
    },
    "percentage": {
        "ACTIVE": 98.55072463768116,
        "INACTIVE": 1.4545454545454546,
        "INVALID": 0,
        "MALICIOUS": 0,
        "SANE": 0,
        "VALID": 0,
        "total": 100.00527009222661
    }
}