{
    "counter": {
        "ACTIVE": 2422,
        "INACTIVE": 13,
        "INVALID": 0,
        "MALICIOUS": 0,
        "SANE": 0,
        "VALID": 0,
        "total": 2435
    },
    "percentage": {
        "ACTIVE": 99.46611909650925,
        "INACTIVE": 0.6304558680892337,
        "INVALID": 0,
        "MALICIOUS": 0,
        "SANE": 0,
        "VALID": 0,
        "total": 100.09657496459847
    }
}