{
    "counter": {
        "ACTIVE": 581,
        "INACTIVE": 3,
        "INVALID": 0,
        "MALICIOUS": 0,
        "SANE": 0,
        "VALID": 0,
        "total": 584
    },
    "percentage": {
        "ACTIVE": 99.48630136986301,
        "INACTIVE": 0.5319148936170213,
        "INVALID": 0,
        "MALICIOUS": 0,
        "SANE": 0,
        "VALID": 0,
        "total": 100.01821626348004
    }
}