{
    "counter": {
        "ACTIVE": 434,
        "INACTIVE": 2,
        "INVALID": 0,
        "MALICIOUS": 0,
        "SANE": 0,
        "VALID": 0,
        "total": 436
    },
    "percentage": {
        "ACTIVE": 99.54128440366972,
        "INACTIVE": 0.48426150121065376,
        "INVALID": 0,
        "MALICIOUS": 0,
        "SANE": 0,
        "VALID": 0,
        "total": 100.02554590488037
    }
}