{
    "counter": {
        "ACTIVE": 3193,
        "INACTIVE": 13,
        "INVALID": 0,
        "MALICIOUS": 0,
        "SANE": 0,
        "VALID": 0,
        "total": 3206
    },
    "percentage": {
        "ACTIVE": 99.59451029320024,
        "INACTIVE": 0.4067584480600751,
        "INVALID": 0,
        "MALICIOUS": 0,
        "SANE": 0,
        "VALID": 0,
        "total": 100.00126874126032
    }
}