{
    "counter": {
        "ACTIVE": 3638,
        "INACTIVE": 9,
        "INVALID": 0,
        "MALICIOUS": 0,
        "SANE": 0,
        "VALID": 0,
        "total": 3647
    },
    "percentage": {
        "ACTIVE": 99.75322182615848,
        "INACTIVE": 0.2859866539561487,
        "INVALID": 0,
        "MALICIOUS": 0,
        "SANE": 0,
        "VALID": 0,
        "total": 100.03920848011462
    }
}