{
    "counter": {
        "ACTIVE": 3120,
        "INACTIVE": 11,
        "INVALID": 0,
        "MALICIOUS": 0,
        "SANE": 0,
        "VALID": 0,
        "total": 3131
    },
    "percentage": {
        "ACTIVE": 99.64867454487384,
        "INACTIVE": 0.5015959872321022,
        "INVALID": 0,
        "MALICIOUS": 0,
        "SANE": 0,
        "VALID": 0,
        "total": 100.15027053210595
    }
}