{
    "counter": {
        "ACTIVE": 2733,
        "INACTIVE": 19,
        "INVALID": 0,
        "MALICIOUS": 0,
        "SANE": 0,
        "VALID": 0,
        "total": 2752
    },
    "percentage": {
        "ACTIVE": 99.30959302325581,
        "INACTIVE": 0.6911604219716261,
        "INVALID": 0,
        "MALICIOUS": 0,
        "SANE": 0,
        "VALID": 0,
        "total": 100.00075344522745
    }
}