{
    "counter": {
        "ACTIVE": 2529,
        "INACTIVE": 19,
        "INVALID": 0,
        "MALICIOUS": 0,
        "SANE": 0,
        "VALID": 0,
        "total": 2548
    },
    "percentage": {
        "ACTIVE": 99.25431711145997,
        "INACTIVE": 0.746268656716418,
        "INVALID": 0,
        "MALICIOUS": 0,
        "SANE": 0,
        "VALID": 0,
        "total": 100.00058576817639
    }
}