{
    "counter": {
        "ACTIVE": 1269,
        "INACTIVE": 10,
        "INVALID": 0,
        "MALICIOUS": 0,
        "SANE": 0,
        "VALID": 0,
        "total": 1279
    },
    "percentage": {
        "ACTIVE": 99.21813917122752,
        "INACTIVE": 0.8250825082508251,
        "INVALID": 0,
        "MALICIOUS": 0,
        "SANE": 0,
        "VALID": 0,
        "total": 100.04322167947835
    }
}