{
    "counter": {
        "ACTIVE": 2504,
        "INACTIVE": 10,
        "INVALID": 0,
        "MALICIOUS": 0,
        "SANE": 0,
        "VALID": 0,
        "total": 2514
    },
    "percentage": {
        "ACTIVE": 99.60222752585521,
        "INACTIVE": 0.3993610223642173,
        "INVALID": 0,
        "MALICIOUS": 0,
        "SANE": 0,
        "VALID": 0,
        "total": 100.00158854821943
    }
}