{
    "counter": {
        "ACTIVE": 2367,
        "INACTIVE": 11,
        "INVALID": 0,
        "MALICIOUS": 0,
        "SANE": 0,
        "VALID": 0,
        "total": 2378
    },
    "percentage": {
        "ACTIVE": 99.53742640874684,
        "INACTIVE": 0.4941599281221923,
        "INVALID": 0,
        "MALICIOUS": 0,
        "SANE": 0,
        "VALID": 0,
        "total": 100.03158633686903
    }
}