{
    "counter": {
        "ACTIVE": 3589,
        "INACTIVE": 6,
        "INVALID": 0,
        "MALICIOUS": 0,
        "SANE": 0,
        "VALID": 0,
        "total": 3595
    },
    "percentage": {
        "ACTIVE": 99.83310152990265,
        "INACTIVE": 0.19286403085824494,
        "INVALID": 0,
        "MALICIOUS": 0,
        "SANE": 0,
        "VALID": 0,
        "total": 100.0259655607609
    }
}