{
    "counter": {
        "ACTIVE": 2695,
        "INACTIVE": 5,
        "INVALID": 0,
        "MALICIOUS": 0,
        "SANE": 0,
        "VALID": 0,
        "total": 2700
    },
    "percentage": {
        "ACTIVE": 99.81481481481481,
        "INACTIVE": 0.8880994671403197,
        "INVALID": 0,
        "MALICIOUS": 0,
        "SANE": 0,
        "VALID": 0,
        "total": 100.70291428195513
    }
}