{
    "counter": {
        "ACTIVE": 1890,
        "INACTIVE": 12,
        "INVALID": 0,
        "MALICIOUS": 0,
        "SANE": 0,
        "VALID": 0,
        "total": 1902
    },
    "percentage": {
        "ACTIVE": 99.36908517350157,
        "INACTIVE": 0.7623888182973316,
        "INVALID": 0,
        "MALICIOUS": 0,
        "SANE": 0,
        "VALID": 0,
        "total": 100.1314739917989
    }
}