{
    "counter": {
        "ACTIVE": 1369,
        "INACTIVE": 7,
        "INVALID": 0,
        "MALICIOUS": 0,
        "SANE": 0,
        "VALID": 0,
        "total": 1376
    },
    "percentage": {
        "ACTIVE": 99.49127906976744,
        "INACTIVE": 0.688298918387414,
        "INVALID": 0,
        "MALICIOUS": 0,
        "SANE": 0,
        "VALID": 0,
        "total": 100.17957798815486
    }
}