{
    "counter": {
        "ACTIVE": 3357,
        "INACTIVE": 10,
        "INVALID": 0,
        "MALICIOUS": 0,
        "SANE": 0,
        "VALID": 0,
        "total": 3367
    },
    "percentage": {
        "ACTIVE": 99.7029997029997,
        "INACTIVE": 0.31565656565656564,
        "INVALID": 0,
        "MALICIOUS": 0,
        "SANE": 0,
        "VALID": 0,
        "total": 100.01865626865627
    }
}