{
    "counter": {
        "ACTIVE": 3060,
        "INACTIVE": 11,
        "INVALID": 0,
        "MALICIOUS": 0,
        "SANE": 0,
        "VALID": 0,
        "total": 3071
    },
    "percentage": {
        "ACTIVE": 99.64181048518398,
        "INACTIVE": 0.3797031411805316,
        "INVALID": 0,
        "MALICIOUS": 0,
        "SANE": 0,
        "VALID": 0,
        "total": 100.02151362636451
    }
}