{
    "counter": {
        "ACTIVE": 816,
        "INACTIVE": 7,
        "INVALID": 0,
        "MALICIOUS": 0,
        "SANE": 0,
        "VALID": 0,
        "total": 823
    },
    "percentage": {
        "ACTIVE": 99.1494532199271,
        "INACTIVE": 1.2844036697247707,
        "INVALID": 0,
        "MALICIOUS": 0,
        "SANE": 0,
        "VALID": 0,
        "total": 100.43385688965186
    }
}