{
    "counter": {
        "ACTIVE": 1126,
        "INACTIVE": 12,
        "INVALID": 0,
        "MALICIOUS": 0,
        "SANE": 0,
        "VALID": 0,
        "total": 1138
    },
    "percentage": {
        "ACTIVE": 98.94551845342707,
        "INACTIVE": 2.097902097902098,
        "INVALID": 0,
        "MALICIOUS": 0,
        "SANE": 0,
        "VALID": 0,
        "total": 101.04342055132916
    }
}