{
    "counter": {
        "ACTIVE": 1260,
        "INACTIVE": 4,
        "INVALID": 0,
        "MALICIOUS": 0,
        "SANE": 0,
        "VALID": 0,
        "total": 1264
    },
    "percentage": {
        "ACTIVE": 99.68354430379746,
        "INACTIVE": 0.5063291139240507,
        "INVALID": 0,
        "MALICIOUS": 0,
        "SANE": 0,
        "VALID": 0,
        "total": 100.18987341772151
    }
}