{
    "counter": {
        "ACTIVE": 393,
        "INACTIVE": 5,
        "INVALID": 0,
        "MALICIOUS": 0,
        "SANE": 0,
        "VALID": 0,
        "total": 398
    },
    "percentage": {
        "ACTIVE": 98.74371859296483,
        "INACTIVE": 1.2919896640826873,
        "INVALID": 0,
        "MALICIOUS": 0,
        "SANE": 0,
        "VALID": 0,
        "total": 100.03570825704752
    }
}