{
    "counter": {
        "ACTIVE": 1561,
        "INACTIVE": 14,
        "INVALID": 0,
        "MALICIOUS": 0,
        "SANE": 0,
        "VALID": 0,
        "total": 1575
    },
    "percentage": {
        "ACTIVE": 99.11111111111111,
        "INACTIVE": 0.9289980092899801,
        "INVALID": 0,
        "MALICIOUS": 0,
        "SANE": 0,
        "VALID": 0,
        "total": 100.0401091204011
    }
}