{
    "counter": {
        "ACTIVE": 2485,
        "INACTIVE": 3,
        "INVALID": 0,
        "MALICIOUS": 0,
        "SANE": 0,
        "VALID": 0,
        "total": 2488
    },
    "percentage": {
        "ACTIVE": 99.87942122186494,
        "INACTIVE": 0.5385996409335727,
        "INVALID": 0,
        "MALICIOUS": 0,
        "SANE": 0,
        "VALID": 0,
        "total": 100.41802086279851
    }
}