{
    "counter": {
        "ACTIVE": 3509,
        "INACTIVE": 18,
        "INVALID": 0,
        "MALICIOUS": 0,
        "SANE": 0,
        "VALID": 0,
        "total": 3527
    },
    "percentage": {
        "ACTIVE": 99.48965126169549,
        "INACTIVE": 0.5272407732864675,
        "INVALID": 0,
        "MALICIOUS": 0,
        "SANE": 0,
        "VALID": 0,
        "total": 100.01689203498195
    }
}